,Category,变量名,ChineseLabel2,子类,生存,死亡,P Value,VariableType
0,患者基础资料,weight,体重,,"81.953(36.691,127.215)","85.357(35.502,135.212)",<0.001,Continue
1,患者基础资料,age,年龄,,"71.853(42.522,101.184)","67.306(35.786,98.827)",<0.001,Continue
2,出入院信息,edcustime,累计急诊时间,,"-0.179(-0.613,0.254)","-0.189(-0.543,0.164)",0.097,Continue
3,ICU信息,icu_stay_count,重症监护室累计停留次数,,"1.517(-0.114,3.147)","1.229(0.136,2.321)",<0.001,Continue
4,ICU信息,icu_stay_custime,重症监护室累计停留时间,,"8.469(-10.385,27.323)","4.765(-9.681,19.212)",<0.001,Continue
5,生命体征,heart_rate_min,心率,,"74.358(37.213,111.502)","71.448(41.570,101.326)",<0.001,Continue
6,生命体征,heart_rate_max,心率,,"110.445(63.677,157.213)","101.409(61.421,141.397)",<0.001,Continue
7,生命体征,heart_rate_mean,心率,,"90.767(55.680,125.853)","84.495(53.327,115.663)",<0.001,Continue
8,生命体征,sbp_min,收缩压,,"82.827(45.441,120.213)","93.120(58.958,127.283)",<0.001,Continue
9,生命体征,sbp_max,收缩压,,"140.944(89.142,192.746)","147.580(100.899,194.261)",<0.001,Continue
10,生命体征,sbp_mean,收缩压,,"109.642(76.185,143.099)","118.912(84.712,153.111)",<0.001,Continue
11,生命体征,dbp_min,舒张压,,"41.443(17.468,65.419)","45.834(22.158,69.510)",<0.001,Continue
12,生命体征,dbp_max,舒张压,,"85.896(43.327,128.465)","88.796(47.710,129.882)",<0.001,Continue
13,生命体征,dbp_mean,舒张压,,"59.065(37.195,80.935)","62.777(39.561,85.993)",<0.001,Continue
14,生命体征,mbp_min,平均动脉压,,"51.834(22.082,81.587)","58.508(31.671,85.346)",<0.001,Continue
15,生命体征,mbp_max,平均动脉压,,"103.196(43.808,162.585)","104.053(57.089,151.016)",0.303,Continue
16,生命体征,mbp_mean,平均动脉压,,"72.684(51.095,94.272)","77.382(54.188,100.576)",<0.001,Continue
17,生命体征,resp_rate_min,呼吸率,,"13.510(4.500,22.521)","12.577(5.645,19.508)",<0.001,Continue
18,生命体征,resp_rate_max,呼吸率,,"30.467(16.702,44.232)","27.777(15.682,39.871)",<0.001,Continue
19,生命体征,resp_rate_mean,呼吸率,,"21.409(12.312,30.507)","19.268(11.950,26.585)",<0.001,Continue
20,生命体征,temperature_min,温度,,"35.984(34.221,37.747)","36.283(35.085,37.480)",<0.001,Continue
21,生命体征,temperature_max,温度,,"37.176(35.394,38.958)","37.263(35.957,38.568)",<0.001,Continue
22,生命体征,temperature_mean,温度,,"36.587(35.150,38.024)","36.770(35.839,37.702)",<0.001,Continue
23,合并症,charlson_comorbidity_index,Charlson发病率指数,,"7.673(2.063,13.283)","6.429(0.809,12.050)",<0.001,Continue
24,实验室检查-血电解质,calcium_min,钙离子,,"7.919(5.817,10.021)","8.124(6.373,9.875)",<0.001,Continue
25,实验室检查-血电解质,calcium_max,钙离子,,"8.631(6.095,11.166)","8.697(6.336,11.058)",0.068,Continue
26,实验室检查-血电解质,chloride_min,氯离子,,"100.756(84.772,116.740)","100.767(86.061,115.473)",0.961,Continue
27,实验室检查-血电解质,chloride_max,氯离子,,"104.997(88.904,121.091)","105.516(91.578,119.455)",0.022,Continue
28,实验室检查-血电解质,sodium_min,血纳值,,"136.267(123.402,149.131)","136.007(124.654,147.359)",0.153,Continue
29,实验室检查-血电解质,sodium_max,血纳值,,"139.708(126.800,152.616)","139.492(128.698,150.286)",0.234,Continue
30,实验室检查-血电解质,potassium_min,血钾值,,"4.088(2.582,5.595)","3.997(2.778,5.216)",<0.001,Continue
31,实验室检查-血电解质,potassium_max,血钾值,,"4.864(2.930,6.798)","4.797(2.869,6.726)",0.017,Continue
32,实验室检查-血常规,hematocrit_min,血细胞比容,,"28.022(15.055,40.990)","29.336(16.621,42.051)",<0.001,Continue
33,实验室检查-血常规,hematocrit_max,血细胞比容,,"32.418(19.605,45.231)","33.622(20.901,46.342)",<0.001,Continue
34,实验室检查-血常规,hemoglobin_min,血红蛋白,,"9.114(4.873,13.354)","9.660(5.369,13.950)",<0.001,Continue
35,实验室检查-血常规,hemoglobin_max,血红蛋白,,"10.508(6.317,14.699)","10.967(6.631,15.303)",<0.001,Continue
36,实验室检查-血常规,platelets_min,血小板,,"173.124(-74.895,421.143)","194.082(-15.327,403.491)",<0.001,Continue
37,实验室检查-血常规,platelets_max,血小板,,"213.918(-61.406,489.241)","233.065(-6.582,472.712)",<0.001,Continue
38,实验室检查-血常规,wbc_min,白细胞,,"12.265(-11.766,36.296)","10.254(-4.716,25.224)",<0.001,Continue
39,实验室检查-血常规,wbc_max,白细胞,,"16.519(-12.990,46.028)","13.739(-9.130,36.607)",<0.001,Continue
40,实验室检查-肝肾功能,bun_min,血尿素氮值,,"46.961(-14.168,108.090)","36.616(-13.770,87.001)",<0.001,Continue
41,实验室检查-肝肾功能,bun_max,血尿素氮值,,"53.686(-12.211,119.583)","43.994(-14.546,102.534)",<0.001,Continue
42,实验室检查-肝肾功能,creatinine_min,血肌酐值,,"2.142(-0.781,5.065)","1.895(-1.315,5.105)",<0.001,Continue
43,实验室检查-肝肾功能,creatinine_max,血肌酐值,,"2.563(-0.817,5.943)","2.393(-1.961,6.746)",0.005,Continue
44,实验室检查-肝肾功能,glucose_min,血糖值,,"122.106(16.918,227.294)","117.516(34.217,200.814)",0.002,Continue
45,实验室检查-肝肾功能,glucose_max,血糖值,,"188.218(-30.902,407.339)","195.302(-99.609,490.213)",0.033,Continue
46,实验室检查-动脉血气分析,aniongap_min,阴离子间隙,,"15.960(6.061,25.859)","13.838(6.983,20.692)",<0.001,Continue
47,实验室检查-动脉血气分析,aniongap_max,阴离子间隙,,"20.287(7.641,32.932)","18.153(6.855,29.452)",<0.001,Continue
48,实验室检查-动脉血气分析,bicarbonate_min,碳酸氢盐,,"19.024(6.909,31.139)","20.638(9.781,31.494)",<0.001,Continue
49,实验室检查-动脉血气分析,bicarbonate_max,碳酸氢盐,,"22.515(11.255,33.775)","23.963(14.642,33.284)",<0.001,Continue
50,常用重症评分,sofa,序贯器官衰竭评估,,"9.462(0.888,18.036)","5.372(-1.142,11.886)",<0.001,Continue
51,常用重症评分,apsiii,急性生理评分III ,,"81.728(25.740,137.716)","51.962(14.229,89.695)",<0.001,Continue
52,常用重症评分,lods,Logistic器官功能障碍评分,,"8.902(1.705,16.099)","5.240(-0.192,10.672)",<0.001,Continue
53,常用重症评分,oasis,牛津急性疾病严重程度评分,,"40.463(21.224,59.702)","30.748(14.051,47.444)",<0.001,Continue
54,常用重症评分,sapsii,简化急性生理评分II ,,"53.187(21.987,84.387)","37.725(12.828,62.622)",<0.001,Continue
55,常用重症评分,sirs,全身炎症反应综合征标准,,"2.924(1.237,4.610)","2.464(0.608,4.320)",<0.001,Continue
56,尿常规,urineoutput,总排尿量,,"1009.224(-984.344,3002.791)","1759.159(-834.052,4352.370)",<0.001,Continue
57,用药情况,neuroblock_flag,神经肌肉阻断剂,False,8887.0(98.36%),1329.0(90.59%),<0.001,Discrate
58,用药情况,neuroblock_flag,神经肌肉阻断剂,Yes,148.0(1.64%),138.0(9.41%),<0.001,Discrate
59,用药情况,antib_flag,服用抗生素,Yes,6966.0(77.1%),1357.0(92.5%),0.117,Discrate
60,用药情况,antib_flag,服用抗生素,False,2069.0(22.9%),110.0(7.5%),0.117,Discrate
61,患者基础资料,marital_status,婚姻状况,MARRIED,3944.0(43.65%),633.0(43.15%),<0.001,Discrate
62,患者基础资料,marital_status,婚姻状况,SINGLE,2750.0(30.44%),320.0(21.81%),<0.001,Discrate
63,患者基础资料,marital_status,婚姻状况,WIDOWED,1304.0(14.43%),262.0(17.86%),<0.001,Discrate
64,患者基础资料,marital_status,婚姻状况,Missing,382.0(4.23%),161.0(10.97%),<0.001,Discrate
65,患者基础资料,marital_status,婚姻状况,DIVORCED,655.0(7.25%),91.0(6.2%),<0.001,Discrate
66,透析,dialysis_active,目前存在透析,Missing,8547.0(94.6%),1288.0(87.8%),0.187,Discrate
67,透析,dialysis_active,目前存在透析,1.0,281.0(3.11%),114.0(7.77%),0.187,Discrate
68,透析,dialysis_active,目前存在透析,0.0,207.0(2.29%),65.0(4.43%),0.187,Discrate
69,用药情况,epinephrine_flag,肾上腺素,False,8726.0(96.58%),1310.0(89.3%),<0.001,Discrate
70,用药情况,epinephrine_flag,肾上腺素,Yes,309.0(3.42%),157.0(10.7%),<0.001,Discrate
71,ICU信息,flag_tsicu,创伤外科重症监护室,False,8319.0(92.08%),1313.0(89.5%),<0.001,Discrate
72,ICU信息,flag_tsicu,创伤外科重症监护室,Yes,716.0(7.92%),154.0(10.5%),<0.001,Discrate
73,出入院信息,ed_flag,进入急诊,Yes,6585.0(72.88%),998.0(68.03%),0.002,Discrate
74,出入院信息,ed_flag,进入急诊,False,2450.0(27.12%),469.0(31.97%),0.002,Discrate
75,用药情况,phenylephrine_flag,苯肾上腺素,False,7739.0(85.66%),1003.0(68.37%),<0.001,Discrate
76,用药情况,phenylephrine_flag,苯肾上腺素,Yes,1296.0(14.34%),464.0(31.63%),<0.001,Discrate
77,ICU信息,flag_micu,医疗重症监护室,False,5896.0(65.26%),832.0(56.71%),<0.001,Discrate
78,ICU信息,flag_micu,医疗重症监护室,Yes,3139.0(34.74%),635.0(43.29%),<0.001,Discrate
79,ICU信息,flag_nsicu,神经外科加护病房,False,8940.0(98.95%),1450.0(98.84%),0.204,Discrate
80,ICU信息,flag_nsicu,神经外科加护病房,Yes,95.0(1.05%),17.0(1.16%),0.204,Discrate
81,ICU信息,flag_sicu,外科重症监护室,False,7775.0(86.05%),1226.0(83.57%),<0.001,Discrate
82,ICU信息,flag_sicu,外科重症监护室,Yes,1260.0(13.95%),241.0(16.43%),<0.001,Discrate
83,患者基础资料,gender,性别,M,5374.0(59.48%),848.0(57.81%),0.092,Discrate
84,患者基础资料,gender,性别,F,3661.0(40.52%),619.0(42.19%),0.092,Discrate
85,ICU信息,flag_ns,神经降压监护室,False,8971.0(99.29%),1464.0(99.8%),0.037,Discrate
86,ICU信息,flag_ns,神经降压监护室,Yes,64.0(0.71%),3.0(0.2%),0.037,Discrate
87,用药情况,norepinephrine_flag,去甲肾上腺素,Yes,1516.0(16.78%),790.0(53.85%),<0.001,Discrate
88,用药情况,norepinephrine_flag,去甲肾上腺素,False,7519.0(83.22%),677.0(46.15%),<0.001,Discrate
89,ICU信息,first_careunit,首次重症监护室类型,Medical Intensive Care Unit (MICU),2669.0(29.54%),406.0(27.68%),<0.001,Discrate
90,ICU信息,first_careunit,首次重症监护室类型,Medical/Surgical Intensive Care Unit (MICU/SICU),2051.0(22.7%),388.0(26.45%),<0.001,Discrate
91,ICU信息,first_careunit,首次重症监护室类型,Coronary Care Unit (CCU),1339.0(14.82%),229.0(15.61%),<0.001,Discrate
92,ICU信息,first_careunit,首次重症监护室类型,Surgical Intensive Care Unit (SICU),1091.0(12.08%),196.0(13.36%),<0.001,Discrate
93,ICU信息,first_careunit,首次重症监护室类型,Trauma SICU (TSICU),677.0(7.49%),142.0(9.68%),<0.001,Discrate
94,ICU信息,first_careunit,首次重症监护室类型,Cardiac Vascular Intensive Care Unit (CVICU),1044.0(11.56%),87.0(5.93%),<0.001,Discrate
95,ICU信息,first_careunit,首次重症监护室类型,Neuro Surgical Intensive Care Unit (Neuro SICU),76.0(0.84%),16.0(1.09%),<0.001,Discrate
96,ICU信息,first_careunit,首次重症监护室类型,Neuro Stepdown,42.0(0.46%),2.0(0.14%),<0.001,Discrate
97,ICU信息,first_careunit,首次重症监护室类型,Neuro Intermediate,46.0(0.51%),1.0(0.07%),<0.001,Discrate
98,ICU信息,flag_ni,神经中叶监护室,False,8975.0(99.34%),1465.0(99.86%),0.050,Discrate
99,ICU信息,flag_ni,神经中叶监护室,Yes,60.0(0.66%),2.0(0.14%),0.050,Discrate
100,ICU信息,flag_ccu,冠心病监护室,False,7429.0(82.22%),1160.0(79.07%),0.002,Discrate
101,ICU信息,flag_ccu,冠心病监护室,Yes,1606.0(17.78%),307.0(20.93%),0.002,Discrate
102,出入院信息,icu_flag,进入重症监护室,Yes,9035.0(100.0%),1467.0(100.0%),nan,Discrate
103,ICU信息,flag_cviu,心脏血管重症监护室,False,7685.0(85.06%),1303.0(88.82%),<0.001,Discrate
104,ICU信息,flag_cviu,心脏血管重症监护室,Yes,1350.0(14.94%),164.0(11.18%),<0.001,Discrate
105,用药情况,vasopressin_flag,后叶加压素,False,8663.0(95.88%),1028.0(70.07%),<0.001,Discrate
106,用药情况,vasopressin_flag,后叶加压素,Yes,372.0(4.12%),439.0(29.93%),<0.001,Discrate
107,患者基础资料,ethnicity,种族,WHITE,6088.0(67.38%),995.0(67.83%),<0.001,Discrate
108,患者基础资料,ethnicity,种族,UNKNOWN,483.0(5.35%),173.0(11.79%),<0.001,Discrate
109,患者基础资料,ethnicity,种族,BLACK/AFRICAN AMERICAN,1425.0(15.77%),140.0(9.54%),<0.001,Discrate
110,患者基础资料,ethnicity,种族,OTHER,334.0(3.7%),60.0(4.09%),<0.001,Discrate
111,患者基础资料,ethnicity,种族,ASIAN,234.0(2.59%),38.0(2.59%),<0.001,Discrate
112,患者基础资料,ethnicity,种族,HISPANIC/LATINO,372.0(4.12%),28.0(1.91%),<0.001,Discrate
113,患者基础资料,ethnicity,种族,UNABLE TO OBTAIN,75.0(0.83%),27.0(1.84%),<0.001,Discrate
114,患者基础资料,ethnicity,种族,AMERICAN INDIAN/ALASKA NATIVE,24.0(0.27%),6.0(0.41%),<0.001,Discrate
115,ICU信息,flag_msicu,内科/外科重症监护室,False,6901.0(76.38%),1047.0(71.37%),<0.001,Discrate
116,ICU信息,flag_msicu,内科/外科重症监护室,Yes,2134.0(23.62%),420.0(28.63%),<0.001,Discrate
117,ICU信息,last_careunit,末次重症监护室类型,Medical Intensive Care Unit (MICU),2794.0(30.92%),468.0(31.9%),<0.001,Discrate
118,ICU信息,last_careunit,末次重症监护室类型,Medical/Surgical Intensive Care Unit (MICU/SICU),2014.0(22.29%),390.0(26.58%),<0.001,Discrate
119,ICU信息,last_careunit,末次重症监护室类型,Coronary Care Unit (CCU),1362.0(15.07%),208.0(14.18%),<0.001,Discrate
120,ICU信息,last_careunit,末次重症监护室类型,Surgical Intensive Care Unit (SICU),1058.0(11.71%),184.0(12.54%),<0.001,Discrate
121,ICU信息,last_careunit,末次重症监护室类型,Trauma SICU (TSICU),618.0(6.84%),120.0(8.18%),<0.001,Discrate
122,ICU信息,last_careunit,末次重症监护室类型,Cardiac Vascular Intensive Care Unit (CVICU),1020.0(11.29%),82.0(5.59%),<0.001,Discrate
123,ICU信息,last_careunit,末次重症监护室类型,Neuro Surgical Intensive Care Unit (Neuro SICU),55.0(0.61%),11.0(0.75%),<0.001,Discrate
124,ICU信息,last_careunit,末次重症监护室类型,Neuro Stepdown,59.0(0.65%),3.0(0.2%),<0.001,Discrate
125,ICU信息,last_careunit,末次重症监护室类型,Neuro Intermediate,55.0(0.61%),1.0(0.07%),<0.001,Discrate
126,透析,dialysis_type,透析类型,Missing,8742.0(96.76%),1349.0(91.96%),<0.001,Discrate
127,透析,dialysis_type,透析类型,"CRRT, CVVHDF",104.0(1.15%),75.0(5.11%),<0.001,Discrate
128,透析,dialysis_type,透析类型,IHD,144.0(1.59%),22.0(1.5%),<0.001,Discrate
129,透析,dialysis_type,透析类型,CRRT,20.0(0.22%),12.0(0.82%),<0.001,Discrate
130,透析,dialysis_type,透析类型,Other,17.0(0.19%),7.0(0.48%),<0.001,Discrate
131,透析,dialysis_type,透析类型,"CRRT, CVVHDF, IHD",8.0(0.09%),2.0(0.14%),<0.001,Discrate
132,实验室检查-肝肾功能,ck_mb_min,肌酸激酶同工酶,Missing,5902.0(65.32%),835.0(56.92%),<0.001,Continue
133,实验室检查-肝肾功能,ck_mb_min,肌酸激酶同工酶,Low,3074.0(34.02%),595.0(40.56%),<0.001,Continue
134,实验室检查-肝肾功能,ck_mb_min,肌酸激酶同工酶,Lower,34.0(0.38%),24.0(1.64%),<0.001,Continue
135,实验室检查-肝肾功能,ck_mb_min,肌酸激酶同工酶,Medium,15.0(0.17%),7.0(0.48%),<0.001,Continue
136,实验室检查-肝肾功能,ck_mb_min,肌酸激酶同工酶,Higher,5.0(0.06%),4.0(0.27%),<0.001,Continue
137,实验室检查-肝肾功能,ck_mb_min,肌酸激酶同工酶,High,5.0(0.06%),2.0(0.14%),<0.001,Continue
138,实验室检查-动脉血气分析,lactate_min,乳酸值,Low,4710.0(52.13%),934.0(63.67%),<0.001,Continue
139,实验室检查-动脉血气分析,lactate_min,乳酸值,Missing,4208.0(46.57%),359.0(24.47%),<0.001,Continue
140,实验室检查-动脉血气分析,lactate_min,乳酸值,Lower,107.0(1.18%),131.0(8.93%),<0.001,Continue
141,实验室检查-动脉血气分析,lactate_min,乳酸值,Medium,9.0(0.1%),30.0(2.04%),<0.001,Continue
142,实验室检查-动脉血气分析,lactate_min,乳酸值,Higher,1.0(0.01%),10.0(0.68%),<0.001,Continue
143,实验室检查-动脉血气分析,lactate_min,乳酸值,High,nan(nan%),3.0(0.2%),<0.001,Continue
144,实验室检查-肝肾功能,ggt_min,γ谷氨酰转移酶,Missing,8953.0(99.09%),1459.0(99.45%),0.168,Continue
145,实验室检查-肝肾功能,ggt_min,γ谷氨酰转移酶,Lower,14.0(0.15%),4.0(0.27%),0.168,Continue
146,实验室检查-肝肾功能,ggt_min,γ谷氨酰转移酶,Low,57.0(0.63%),2.0(0.14%),0.168,Continue
147,实验室检查-肝肾功能,ggt_min,γ谷氨酰转移酶,High,3.0(0.03%),1.0(0.07%),0.168,Continue
148,实验室检查-肝肾功能,ggt_min,γ谷氨酰转移酶,Medium,6.0(0.07%),1.0(0.07%),0.168,Continue
149,实验室检查-肝肾功能,ggt_min,γ谷氨酰转移酶,Higher,2.0(0.02%),nan(nan%),0.168,Continue
150,实验室检查-动脉血气分析,so2_min,氧饱和度,Missing,6476.0(71.68%),847.0(57.74%),<0.001,Continue
151,实验室检查-动脉血气分析,so2_min,氧饱和度,High,1723.0(19.07%),367.0(25.02%),<0.001,Continue
152,实验室检查-动脉血气分析,so2_min,氧饱和度,Higher,461.0(5.1%),118.0(8.04%),<0.001,Continue
153,实验室检查-动脉血气分析,so2_min,氧饱和度,Medium,242.0(2.68%),85.0(5.79%),<0.001,Continue
154,实验室检查-动脉血气分析,so2_min,氧饱和度,Lower,103.0(1.14%),34.0(2.32%),<0.001,Continue
155,实验室检查-动脉血气分析,so2_min,氧饱和度,Low,30.0(0.33%),16.0(1.09%),<0.001,Continue
156,实验室检查-动脉血气分析,totalco2_max,二氧化碳生产,Lower,4712.0(52.15%),941.0(64.14%),<0.001,Continue
157,实验室检查-动脉血气分析,totalco2_max,二氧化碳生产,Missing,3463.0(38.33%),253.0(17.25%),<0.001,Continue
158,实验室检查-动脉血气分析,totalco2_max,二氧化碳生产,Low,554.0(6.13%),198.0(13.5%),<0.001,Continue
159,实验室检查-动脉血气分析,totalco2_max,二氧化碳生产,Medium,281.0(3.11%),71.0(4.84%),<0.001,Continue
160,实验室检查-动脉血气分析,totalco2_max,二氧化碳生产,Higher,22.0(0.24%),4.0(0.27%),<0.001,Continue
161,实验室检查-动脉血气分析,totalco2_max,二氧化碳生产,High,3.0(0.03%),nan(nan%),<0.001,Continue
162,实验室检查-肝肾功能,bilirubin_direct_max,直接胆红素,Missing,8480.0(93.86%),1317.0(89.78%),0.002,Continue
163,实验室检查-肝肾功能,bilirubin_direct_max,直接胆红素,Low,499.0(5.52%),115.0(7.84%),0.002,Continue
164,实验室检查-肝肾功能,bilirubin_direct_max,直接胆红素,Lower,37.0(0.41%),22.0(1.5%),0.002,Continue
165,实验室检查-肝肾功能,bilirubin_direct_max,直接胆红素,Medium,13.0(0.14%),11.0(0.75%),0.002,Continue
166,实验室检查-肝肾功能,bilirubin_direct_max,直接胆红素,High,nan(nan%),2.0(0.14%),0.002,Continue
167,实验室检查-肝肾功能,bilirubin_direct_max,直接胆红素,Higher,6.0(0.07%),nan(nan%),0.002,Continue
168,实验室检查-动脉血气分析,ph_min,酸碱度,Higher,3689.0(40.83%),682.0(46.49%),<0.001,Continue
169,实验室检查-动脉血气分析,ph_min,酸碱度,Missing,3463.0(38.33%),253.0(17.25%),<0.001,Continue
170,实验室检查-动脉血气分析,ph_min,酸碱度,High,1292.0(14.3%),248.0(16.91%),<0.001,Continue
171,实验室检查-动脉血气分析,ph_min,酸碱度,Medium,537.0(5.94%),243.0(16.56%),<0.001,Continue
172,实验室检查-动脉血气分析,ph_min,酸碱度,Lower,48.0(0.53%),37.0(2.52%),<0.001,Continue
173,实验室检查-动脉血气分析,ph_min,酸碱度,Low,6.0(0.07%),4.0(0.27%),<0.001,Continue
174,实验室检查-动脉血气分析,baseexcess_min,剩余碱,Medium,4456.0(49.32%),844.0(57.53%),<0.001,Continue
175,实验室检查-动脉血气分析,baseexcess_min,剩余碱,Missing,3463.0(38.33%),253.0(17.25%),<0.001,Continue
176,实验室检查-动脉血气分析,baseexcess_min,剩余碱,Lower,523.0(5.79%),235.0(16.02%),<0.001,Continue
177,实验室检查-动脉血气分析,baseexcess_min,剩余碱,Higher,536.0(5.93%),120.0(8.18%),<0.001,Continue
178,实验室检查-动脉血气分析,baseexcess_min,剩余碱,Low,45.0(0.5%),12.0(0.82%),<0.001,Continue
179,实验室检查-动脉血气分析,baseexcess_min,剩余碱,High,12.0(0.13%),3.0(0.2%),<0.001,Continue
180,实验室检查-肝肾功能,ast_min,天冬氨酸转氨酶,Low,5452.0(60.34%),1113.0(75.87%),<0.001,Continue
181,实验室检查-肝肾功能,ast_min,天冬氨酸转氨酶,Missing,3536.0(39.14%),340.0(23.18%),<0.001,Continue
182,实验室检查-肝肾功能,ast_min,天冬氨酸转氨酶,Lower,34.0(0.38%),8.0(0.55%),<0.001,Continue
183,实验室检查-肝肾功能,ast_min,天冬氨酸转氨酶,Medium,6.0(0.07%),4.0(0.27%),<0.001,Continue
184,实验室检查-肝肾功能,ast_min,天冬氨酸转氨酶,High,4.0(0.04%),1.0(0.07%),<0.001,Continue
185,实验室检查-肝肾功能,ast_min,天冬氨酸转氨酶,Higher,3.0(0.03%),1.0(0.07%),<0.001,Continue
186,实验室检查-肝肾功能,bilirubin_indirect_max,间接胆红素,Missing,8503.0(94.11%),1331.0(90.73%),0.001,Continue
187,实验室检查-肝肾功能,bilirubin_indirect_max,间接胆红素,Low,491.0(5.43%),104.0(7.09%),0.001,Continue
188,实验室检查-肝肾功能,bilirubin_indirect_max,间接胆红素,Lower,33.0(0.37%),19.0(1.3%),0.001,Continue
189,实验室检查-肝肾功能,bilirubin_indirect_max,间接胆红素,Medium,7.0(0.08%),11.0(0.75%),0.001,Continue
190,实验室检查-肝肾功能,bilirubin_indirect_max,间接胆红素,High,1.0(0.01%),1.0(0.07%),0.001,Continue
191,实验室检查-肝肾功能,bilirubin_indirect_max,间接胆红素,Higher,nan(nan%),1.0(0.07%),0.001,Continue
192,实验室检查-肝肾功能,ggt_max,γ谷氨酰转移酶,Missing,8953.0(99.09%),1459.0(99.45%),0.168,Continue
193,实验室检查-肝肾功能,ggt_max,γ谷氨酰转移酶,Lower,14.0(0.15%),4.0(0.27%),0.168,Continue
194,实验室检查-肝肾功能,ggt_max,γ谷氨酰转移酶,Low,57.0(0.63%),2.0(0.14%),0.168,Continue
195,实验室检查-肝肾功能,ggt_max,γ谷氨酰转移酶,High,3.0(0.03%),1.0(0.07%),0.168,Continue
196,实验室检查-肝肾功能,ggt_max,γ谷氨酰转移酶,Medium,6.0(0.07%),1.0(0.07%),0.168,Continue
197,实验室检查-肝肾功能,ggt_max,γ谷氨酰转移酶,Higher,2.0(0.02%),nan(nan%),0.168,Continue
198,实验室检查-肝肾功能,total_protein_max,血清总蛋白,Missing,8754.0(96.89%),1420.0(96.8%),0.984,Continue
199,实验室检查-肝肾功能,total_protein_max,血清总蛋白,Lower,167.0(1.85%),25.0(1.7%),0.984,Continue
200,实验室检查-肝肾功能,total_protein_max,血清总蛋白,Low,109.0(1.21%),21.0(1.43%),0.984,Continue
201,实验室检查-肝肾功能,total_protein_max,血清总蛋白,Medium,4.0(0.04%),1.0(0.07%),0.984,Continue
202,实验室检查-肝肾功能,total_protein_max,血清总蛋白,High,1.0(0.01%),nan(nan%),0.984,Continue
203,实验室检查-肝肾功能,amylase_min,淀粉酶,Missing,8308.0(91.95%),1316.0(89.71%),0.004,Continue
204,实验室检查-肝肾功能,amylase_min,淀粉酶,Low,701.0(7.76%),136.0(9.27%),0.004,Continue
205,实验室检查-肝肾功能,amylase_min,淀粉酶,Lower,21.0(0.23%),10.0(0.68%),0.004,Continue
206,实验室检查-肝肾功能,amylase_min,淀粉酶,Medium,3.0(0.03%),3.0(0.2%),0.004,Continue
207,实验室检查-肝肾功能,amylase_min,淀粉酶,High,1.0(0.01%),2.0(0.14%),0.004,Continue
208,实验室检查-肝肾功能,amylase_min,淀粉酶,Higher,1.0(0.01%),nan(nan%),0.004,Continue
209,实验室检查-动脉血气分析,po2_min,氧分压值,Low,4775.0(52.85%),1082.0(73.76%),<0.001,Continue
210,实验室检查-动脉血气分析,po2_min,氧分压值,Missing,3463.0(38.33%),253.0(17.25%),<0.001,Continue
211,实验室检查-动脉血气分析,po2_min,氧分压值,Lower,698.0(7.73%),113.0(7.7%),<0.001,Continue
212,实验室检查-动脉血气分析,po2_min,氧分压值,Medium,57.0(0.63%),12.0(0.82%),<0.001,Continue
213,实验室检查-动脉血气分析,po2_min,氧分压值,Higher,29.0(0.32%),4.0(0.27%),<0.001,Continue
214,实验室检查-动脉血气分析,po2_min,氧分压值,High,13.0(0.14%),3.0(0.2%),<0.001,Continue
215,实验室检查-动脉血气分析,pco2_min,二氧化碳分压,Lower,4100.0(45.38%),820.0(55.9%),<0.001,Continue
216,实验室检查-动脉血气分析,pco2_min,二氧化碳分压,Low,848.0(9.39%),264.0(18.0%),<0.001,Continue
217,实验室检查-动脉血气分析,pco2_min,二氧化碳分压,Missing,3463.0(38.33%),253.0(17.25%),<0.001,Continue
218,实验室检查-动脉血气分析,pco2_min,二氧化碳分压,Medium,576.0(6.38%),116.0(7.91%),<0.001,Continue
219,实验室检查-动脉血气分析,pco2_min,二氧化碳分压,Higher,46.0(0.51%),10.0(0.68%),<0.001,Continue
220,实验室检查-动脉血气分析,pco2_min,二氧化碳分压,High,2.0(0.02%),4.0(0.27%),<0.001,Continue
221,实验室检查-肝肾功能,bilirubin_direct_min,直接胆红素,Missing,8480.0(93.86%),1317.0(89.78%),<0.001,Continue
222,实验室检查-肝肾功能,bilirubin_direct_min,直接胆红素,Low,516.0(5.71%),115.0(7.84%),<0.001,Continue
223,实验室检查-肝肾功能,bilirubin_direct_min,直接胆红素,Lower,23.0(0.25%),23.0(1.57%),<0.001,Continue
224,实验室检查-肝肾功能,bilirubin_direct_min,直接胆红素,Medium,12.0(0.13%),10.0(0.68%),<0.001,Continue
225,实验室检查-肝肾功能,bilirubin_direct_min,直接胆红素,High,nan(nan%),2.0(0.14%),<0.001,Continue
226,实验室检查-肝肾功能,bilirubin_direct_min,直接胆红素,Higher,4.0(0.04%),nan(nan%),<0.001,Continue
227,实验室检查-动脉血气分析,pao2fio2ratio_max,氧合指数,Low,2509.0(27.77%),739.0(50.37%),<0.001,Continue
228,实验室检查-动脉血气分析,pao2fio2ratio_max,氧合指数,Missing,6263.0(69.32%),667.0(45.47%),<0.001,Continue
229,实验室检查-动脉血气分析,pao2fio2ratio_max,氧合指数,Lower,242.0(2.68%),55.0(3.75%),<0.001,Continue
230,实验室检查-动脉血气分析,pao2fio2ratio_max,氧合指数,Medium,20.0(0.22%),4.0(0.27%),<0.001,Continue
231,实验室检查-动脉血气分析,pao2fio2ratio_max,氧合指数,Higher,nan(nan%),2.0(0.14%),<0.001,Continue
232,实验室检查-动脉血气分析,pao2fio2ratio_max,氧合指数,High,1.0(0.01%),nan(nan%),<0.001,Continue
233,实验室检查-肝肾功能,ld_ldh_min,乳酸脱氢酶,Low,3332.0(36.88%),740.0(50.44%),<0.001,Continue
234,实验室检查-肝肾功能,ld_ldh_min,乳酸脱氢酶,Missing,5671.0(62.77%),708.0(48.26%),<0.001,Continue
235,实验室检查-肝肾功能,ld_ldh_min,乳酸脱氢酶,Lower,28.0(0.31%),14.0(0.95%),<0.001,Continue
236,实验室检查-肝肾功能,ld_ldh_min,乳酸脱氢酶,Higher,nan(nan%),4.0(0.27%),<0.001,Continue
237,实验室检查-肝肾功能,ld_ldh_min,乳酸脱氢酶,High,1.0(0.01%),1.0(0.07%),<0.001,Continue
238,实验室检查-肝肾功能,ld_ldh_min,乳酸脱氢酶,Medium,3.0(0.03%),nan(nan%),<0.001,Continue
239,实验室检查-肝肾功能,total_protein_min,血清总蛋白,Missing,8754.0(96.89%),1420.0(96.8%),0.541,Continue
240,实验室检查-肝肾功能,total_protein_min,血清总蛋白,Lower,166.0(1.84%),25.0(1.7%),0.541,Continue
241,实验室检查-肝肾功能,total_protein_min,血清总蛋白,Low,111.0(1.23%),21.0(1.43%),0.541,Continue
242,实验室检查-肝肾功能,total_protein_min,血清总蛋白,Medium,3.0(0.03%),1.0(0.07%),0.541,Continue
243,实验室检查-肝肾功能,total_protein_min,血清总蛋白,High,1.0(0.01%),nan(nan%),0.541,Continue
244,实验室检查-肝肾功能,ast_max,天冬氨酸转氨酶,Low,5439.0(60.2%),1105.0(75.32%),<0.001,Continue
245,实验室检查-肝肾功能,ast_max,天冬氨酸转氨酶,Missing,3536.0(39.14%),340.0(23.18%),<0.001,Continue
246,实验室检查-肝肾功能,ast_max,天冬氨酸转氨酶,Lower,37.0(0.41%),15.0(1.02%),<0.001,Continue
247,实验室检查-肝肾功能,ast_max,天冬氨酸转氨酶,Medium,15.0(0.17%),7.0(0.48%),<0.001,Continue
248,实验室检查-肝肾功能,ast_max,天冬氨酸转氨酶,Higher,5.0(0.06%),nan(nan%),<0.001,Continue
249,实验室检查-肝肾功能,ast_max,天冬氨酸转氨酶,High,3.0(0.03%),nan(nan%),<0.001,Continue
250,实验室检查-肝肾功能,globulin_min,球蛋白,Missing,8911.0(98.63%),1442.0(98.3%),<0.001,Continue
251,实验室检查-肝肾功能,globulin_min,球蛋白,Lower,66.0(0.73%),14.0(0.95%),<0.001,Continue
252,实验室检查-肝肾功能,globulin_min,球蛋白,Low,54.0(0.6%),10.0(0.68%),<0.001,Continue
253,实验室检查-肝肾功能,globulin_min,球蛋白,Higher,1.0(0.01%),1.0(0.07%),<0.001,Continue
254,实验室检查-肝肾功能,globulin_min,球蛋白,Medium,2.0(0.02%),nan(nan%),<0.001,Continue
255,实验室检查-肝肾功能,globulin_min,球蛋白,High,1.0(0.01%),nan(nan%),<0.001,Continue
256,实验室检查-肝肾功能,ck_cpk_max,肌酸磷酸激酶,Missing,5542.0(61.34%),806.0(54.94%),<0.001,Continue
257,实验室检查-肝肾功能,ck_cpk_max,肌酸磷酸激酶,Low,3466.0(38.36%),657.0(44.79%),<0.001,Continue
258,实验室检查-肝肾功能,ck_cpk_max,肌酸磷酸激酶,Higher,6.0(0.07%),2.0(0.14%),<0.001,Continue
259,实验室检查-肝肾功能,ck_cpk_max,肌酸磷酸激酶,Medium,6.0(0.07%),1.0(0.07%),<0.001,Continue
260,实验室检查-肝肾功能,ck_cpk_max,肌酸磷酸激酶,Lower,12.0(0.13%),1.0(0.07%),<0.001,Continue
261,实验室检查-肝肾功能,ck_cpk_max,肌酸磷酸激酶,High,3.0(0.03%),nan(nan%),<0.001,Continue
262,实验室检查-肝肾功能,ck_mb_max,肌酸激酶同工酶,Missing,5902.0(65.32%),835.0(56.92%),<0.001,Continue
263,实验室检查-肝肾功能,ck_mb_max,肌酸激酶同工酶,Low,3027.0(33.5%),583.0(39.74%),<0.001,Continue
264,实验室检查-肝肾功能,ck_mb_max,肌酸激酶同工酶,Lower,58.0(0.64%),26.0(1.77%),<0.001,Continue
265,实验室检查-肝肾功能,ck_mb_max,肌酸激酶同工酶,Medium,26.0(0.29%),13.0(0.89%),<0.001,Continue
266,实验室检查-肝肾功能,ck_mb_max,肌酸激酶同工酶,Higher,15.0(0.17%),8.0(0.55%),<0.001,Continue
267,实验室检查-肝肾功能,ck_mb_max,肌酸激酶同工酶,High,7.0(0.08%),2.0(0.14%),<0.001,Continue
268,实验室检查-肝肾功能,alp_min,碱性磷酸酶,Low,5355.0(59.27%),1079.0(73.55%),<0.001,Continue
269,实验室检查-肝肾功能,alp_min,碱性磷酸酶,Missing,3584.0(39.67%),345.0(23.52%),<0.001,Continue
270,实验室检查-肝肾功能,alp_min,碱性磷酸酶,Lower,88.0(0.97%),34.0(2.32%),<0.001,Continue
271,实验室检查-肝肾功能,alp_min,碱性磷酸酶,Higher,2.0(0.02%),4.0(0.27%),<0.001,Continue
272,实验室检查-肝肾功能,alp_min,碱性磷酸酶,Medium,4.0(0.04%),4.0(0.27%),<0.001,Continue
273,实验室检查-肝肾功能,alp_min,碱性磷酸酶,High,2.0(0.02%),1.0(0.07%),<0.001,Continue
274,实验室检查-动脉血气分析,pco2_max,二氧化碳分压,Low,2849.0(31.53%),575.0(39.2%),<0.001,Continue
275,实验室检查-动脉血气分析,pco2_max,二氧化碳分压,Lower,2547.0(28.19%),564.0(38.45%),<0.001,Continue
276,实验室检查-动脉血气分析,pco2_max,二氧化碳分压,Missing,3463.0(38.33%),253.0(17.25%),<0.001,Continue
277,实验室检查-动脉血气分析,pco2_max,二氧化碳分压,Medium,156.0(1.73%),68.0(4.64%),<0.001,Continue
278,实验室检查-动脉血气分析,pco2_max,二氧化碳分压,Higher,20.0(0.22%),5.0(0.34%),<0.001,Continue
279,实验室检查-动脉血气分析,pco2_max,二氧化碳分压,High,nan(nan%),2.0(0.14%),<0.001,Continue
280,实验室检查-动脉血气分析,baseexcess_max,剩余碱,Medium,4623.0(51.17%),880.0(59.99%),<0.001,Continue
281,实验室检查-动脉血气分析,baseexcess_max,剩余碱,Missing,3463.0(38.33%),253.0(17.25%),<0.001,Continue
282,实验室检查-动脉血气分析,baseexcess_max,剩余碱,Lower,545.0(6.03%),234.0(15.95%),<0.001,Continue
283,实验室检查-动脉血气分析,baseexcess_max,剩余碱,Higher,356.0(3.94%),86.0(5.86%),<0.001,Continue
284,实验室检查-动脉血气分析,baseexcess_max,剩余碱,Low,23.0(0.25%),9.0(0.61%),<0.001,Continue
285,实验室检查-动脉血气分析,baseexcess_max,剩余碱,High,25.0(0.28%),5.0(0.34%),<0.001,Continue
286,实验室检查-肝肾功能,amylase_max,淀粉酶,Missing,8308.0(91.95%),1316.0(89.71%),0.172,Continue
287,实验室检查-肝肾功能,amylase_max,淀粉酶,Low,712.0(7.88%),145.0(9.88%),0.172,Continue
288,实验室检查-肝肾功能,amylase_max,淀粉酶,Lower,12.0(0.13%),4.0(0.27%),0.172,Continue
289,实验室检查-肝肾功能,amylase_max,淀粉酶,Medium,2.0(0.02%),2.0(0.14%),0.172,Continue
290,实验室检查-肝肾功能,amylase_max,淀粉酶,High,1.0(0.01%),nan(nan%),0.172,Continue
291,实验室检查-动脉血气分析,ph_max,酸碱度,Higher,3452.0(38.21%),663.0(45.19%),<0.001,Continue
292,实验室检查-动脉血气分析,ph_max,酸碱度,Medium,2001.0(22.15%),487.0(33.2%),<0.001,Continue
293,实验室检查-动脉血气分析,ph_max,酸碱度,Missing,3463.0(38.33%),253.0(17.25%),<0.001,Continue
294,实验室检查-动脉血气分析,ph_max,酸碱度,Lower,46.0(0.51%),45.0(3.07%),<0.001,Continue
295,实验室检查-动脉血气分析,ph_max,酸碱度,High,71.0(0.79%),16.0(1.09%),<0.001,Continue
296,实验室检查-动脉血气分析,ph_max,酸碱度,Low,2.0(0.02%),3.0(0.2%),<0.001,Continue
297,实验室检查-肝肾功能,bilirubin_total_max,总胆红素,Low,5382.0(59.57%),1002.0(68.3%),<0.001,Continue
298,实验室检查-肝肾功能,bilirubin_total_max,总胆红素,Missing,3528.0(39.05%),353.0(24.06%),<0.001,Continue
299,实验室检查-肝肾功能,bilirubin_total_max,总胆红素,Lower,90.0(1.0%),72.0(4.91%),<0.001,Continue
300,实验室检查-肝肾功能,bilirubin_total_max,总胆红素,Medium,23.0(0.25%),32.0(2.18%),<0.001,Continue
301,实验室检查-肝肾功能,bilirubin_total_max,总胆红素,Higher,10.0(0.11%),8.0(0.55%),<0.001,Continue
302,实验室检查-肝肾功能,bilirubin_total_max,总胆红素,High,2.0(0.02%),nan(nan%),<0.001,Continue
303,实验室检查-肝肾功能,globulin_max,球蛋白,Missing,8911.0(98.63%),1442.0(98.3%),<0.001,Continue
304,实验室检查-肝肾功能,globulin_max,球蛋白,Lower,66.0(0.73%),14.0(0.95%),<0.001,Continue
305,实验室检查-肝肾功能,globulin_max,球蛋白,Low,53.0(0.59%),10.0(0.68%),<0.001,Continue
306,实验室检查-肝肾功能,globulin_max,球蛋白,Higher,1.0(0.01%),1.0(0.07%),<0.001,Continue
307,实验室检查-肝肾功能,globulin_max,球蛋白,Medium,3.0(0.03%),nan(nan%),<0.001,Continue
308,实验室检查-肝肾功能,globulin_max,球蛋白,High,1.0(0.01%),nan(nan%),<0.001,Continue
309,实验室检查-肝肾功能,ck_cpk_min,肌酸磷酸激酶,Missing,5542.0(61.34%),806.0(54.94%),<0.001,Continue
310,实验室检查-肝肾功能,ck_cpk_min,肌酸磷酸激酶,Low,3471.0(38.42%),658.0(44.85%),<0.001,Continue
311,实验室检查-肝肾功能,ck_cpk_min,肌酸磷酸激酶,Lower,10.0(0.11%),3.0(0.2%),<0.001,Continue
312,实验室检查-肝肾功能,ck_cpk_min,肌酸磷酸激酶,Higher,5.0(0.06%),nan(nan%),<0.001,Continue
313,实验室检查-肝肾功能,ck_cpk_min,肌酸磷酸激酶,Medium,5.0(0.06%),nan(nan%),<0.001,Continue
314,实验室检查-肝肾功能,ck_cpk_min,肌酸磷酸激酶,High,2.0(0.02%),nan(nan%),<0.001,Continue
315,实验室检查-肝肾功能,alt_max,丙氨酸氨基转移酶,Low,5415.0(59.93%),1104.0(75.26%),<0.001,Continue
316,实验室检查-肝肾功能,alt_max,丙氨酸氨基转移酶,Missing,3555.0(39.35%),348.0(23.72%),<0.001,Continue
317,实验室检查-肝肾功能,alt_max,丙氨酸氨基转移酶,Lower,35.0(0.39%),10.0(0.68%),<0.001,Continue
318,实验室检查-肝肾功能,alt_max,丙氨酸氨基转移酶,Medium,18.0(0.2%),5.0(0.34%),<0.001,Continue
319,实验室检查-肝肾功能,alt_max,丙氨酸氨基转移酶,Higher,8.0(0.09%),nan(nan%),<0.001,Continue
320,实验室检查-肝肾功能,alt_max,丙氨酸氨基转移酶,High,4.0(0.04%),nan(nan%),<0.001,Continue
321,实验室检查-动脉血气分析,totalco2_min,二氧化碳生产,Lower,3881.0(42.96%),792.0(53.99%),<0.001,Continue
322,实验室检查-动脉血气分析,totalco2_min,二氧化碳生产,Missing,3463.0(38.33%),253.0(17.25%),<0.001,Continue
323,实验室检查-动脉血气分析,totalco2_min,二氧化碳生产,Medium,1099.0(12.16%),206.0(14.04%),<0.001,Continue
324,实验室检查-动脉血气分析,totalco2_min,二氧化碳生产,Low,523.0(5.79%),199.0(13.57%),<0.001,Continue
325,实验室检查-动脉血气分析,totalco2_min,二氧化碳生产,Higher,63.0(0.7%),17.0(1.16%),<0.001,Continue
326,实验室检查-动脉血气分析,totalco2_min,二氧化碳生产,High,6.0(0.07%),nan(nan%),<0.001,Continue
327,实验室检查-动脉血气分析,lactate_max,乳酸值,Low,4376.0(48.43%),795.0(54.19%),<0.001,Continue
328,实验室检查-动脉血气分析,lactate_max,乳酸值,Missing,4208.0(46.57%),359.0(24.47%),<0.001,Continue
329,实验室检查-动脉血气分析,lactate_max,乳酸值,Lower,379.0(4.19%),203.0(13.84%),<0.001,Continue
330,实验室检查-动脉血气分析,lactate_max,乳酸值,Medium,65.0(0.72%),80.0(5.45%),<0.001,Continue
331,实验室检查-动脉血气分析,lactate_max,乳酸值,Higher,6.0(0.07%),22.0(1.5%),<0.001,Continue
332,实验室检查-动脉血气分析,lactate_max,乳酸值,High,1.0(0.01%),8.0(0.55%),<0.001,Continue
333,实验室检查-肝肾功能,bilirubin_indirect_min,间接胆红素,Missing,8503.0(94.11%),1331.0(90.73%),<0.001,Continue
334,实验室检查-肝肾功能,bilirubin_indirect_min,间接胆红素,Low,502.0(5.56%),104.0(7.09%),<0.001,Continue
335,实验室检查-肝肾功能,bilirubin_indirect_min,间接胆红素,Lower,23.0(0.25%),20.0(1.36%),<0.001,Continue
336,实验室检查-肝肾功能,bilirubin_indirect_min,间接胆红素,Medium,6.0(0.07%),10.0(0.68%),<0.001,Continue
337,实验室检查-肝肾功能,bilirubin_indirect_min,间接胆红素,High,1.0(0.01%),1.0(0.07%),<0.001,Continue
338,实验室检查-肝肾功能,bilirubin_indirect_min,间接胆红素,Higher,nan(nan%),1.0(0.07%),<0.001,Continue
339,实验室检查-肝肾功能,albumin_min,血清白蛋白,Missing,4953.0(54.82%),659.0(44.92%),<0.001,Continue
340,实验室检查-肝肾功能,albumin_min,血清白蛋白,Lower,1302.0(14.41%),393.0(26.79%),<0.001,Continue
341,实验室检查-肝肾功能,albumin_min,血清白蛋白,Medium,1907.0(21.11%),263.0(17.93%),<0.001,Continue
342,实验室检查-肝肾功能,albumin_min,血清白蛋白,Low,123.0(1.36%),96.0(6.54%),<0.001,Continue
343,实验室检查-肝肾功能,albumin_min,血清白蛋白,Higher,708.0(7.84%),52.0(3.54%),<0.001,Continue
344,实验室检查-肝肾功能,albumin_min,血清白蛋白,High,42.0(0.46%),4.0(0.27%),<0.001,Continue
345,实验室检查-动脉血气分析,aado2_max,肺泡-动脉氧分压差,Missing,8574.0(94.9%),1226.0(83.57%),<0.001,Continue
346,实验室检查-动脉血气分析,aado2_max,肺泡-动脉氧分压差,High,156.0(1.73%),107.0(7.29%),<0.001,Continue
347,实验室检查-动脉血气分析,aado2_max,肺泡-动脉氧分压差,Higher,152.0(1.68%),71.0(4.84%),<0.001,Continue
348,实验室检查-动脉血气分析,aado2_max,肺泡-动脉氧分压差,Medium,74.0(0.82%),41.0(2.79%),<0.001,Continue
349,实验室检查-动脉血气分析,aado2_max,肺泡-动脉氧分压差,Lower,58.0(0.64%),20.0(1.36%),<0.001,Continue
350,实验室检查-动脉血气分析,aado2_max,肺泡-动脉氧分压差,Low,21.0(0.23%),2.0(0.14%),<0.001,Continue
351,实验室检查-动脉血气分析,pao2fio2ratio_min,氧合指数,Low,2732.0(30.24%),792.0(53.99%),<0.001,Continue
352,实验室检查-动脉血气分析,pao2fio2ratio_min,氧合指数,Missing,6263.0(69.32%),667.0(45.47%),<0.001,Continue
353,实验室检查-动脉血气分析,pao2fio2ratio_min,氧合指数,Lower,38.0(0.42%),8.0(0.55%),<0.001,Continue
354,实验室检查-动脉血气分析,pao2fio2ratio_min,氧合指数,High,1.0(0.01%),nan(nan%),<0.001,Continue
355,实验室检查-动脉血气分析,pao2fio2ratio_min,氧合指数,Medium,1.0(0.01%),nan(nan%),<0.001,Continue
356,实验室检查-肝肾功能,albumin_max,血清白蛋白,Missing,4953.0(54.82%),659.0(44.92%),<0.001,Continue
357,实验室检查-肝肾功能,albumin_max,血清白蛋白,Lower,1073.0(11.88%),341.0(23.24%),<0.001,Continue
358,实验室检查-肝肾功能,albumin_max,血清白蛋白,Medium,2173.0(24.05%),316.0(21.54%),<0.001,Continue
359,实验室检查-肝肾功能,albumin_max,血清白蛋白,Low,125.0(1.38%),92.0(6.27%),<0.001,Continue
360,实验室检查-肝肾功能,albumin_max,血清白蛋白,Higher,644.0(7.13%),55.0(3.75%),<0.001,Continue
361,实验室检查-肝肾功能,albumin_max,血清白蛋白,High,67.0(0.74%),4.0(0.27%),<0.001,Continue
362,实验室检查-动脉血气分析,so2_max,氧饱和度,Missing,6476.0(71.68%),847.0(57.74%),<0.001,Continue
363,实验室检查-动脉血气分析,so2_max,氧饱和度,High,1983.0(21.95%),487.0(33.2%),<0.001,Continue
364,实验室检查-动脉血气分析,so2_max,氧饱和度,Higher,331.0(3.66%),66.0(4.5%),<0.001,Continue
365,实验室检查-动脉血气分析,so2_max,氧饱和度,Medium,162.0(1.79%),51.0(3.48%),<0.001,Continue
366,实验室检查-动脉血气分析,so2_max,氧饱和度,Lower,57.0(0.63%),11.0(0.75%),<0.001,Continue
367,实验室检查-动脉血气分析,so2_max,氧饱和度,Low,26.0(0.29%),5.0(0.34%),<0.001,Continue
368,实验室检查-动脉血气分析,po2_max,氧分压值,Low,3301.0(36.54%),682.0(46.49%),<0.001,Continue
369,实验室检查-动脉血气分析,po2_max,氧分压值,Lower,1042.0(11.53%),316.0(21.54%),<0.001,Continue
370,实验室检查-动脉血气分析,po2_max,氧分压值,Missing,3463.0(38.33%),253.0(17.25%),<0.001,Continue
371,实验室检查-动脉血气分析,po2_max,氧分压值,Medium,740.0(8.19%),155.0(10.57%),<0.001,Continue
372,实验室检查-动脉血气分析,po2_max,氧分压值,Higher,462.0(5.11%),58.0(3.95%),<0.001,Continue
373,实验室检查-动脉血气分析,po2_max,氧分压值,High,27.0(0.3%),3.0(0.2%),<0.001,Continue
374,实验室检查-肝肾功能,bilirubin_total_min,总胆红素,Low,5402.0(59.79%),1011.0(68.92%),<0.001,Continue
375,实验室检查-肝肾功能,bilirubin_total_min,总胆红素,Missing,3528.0(39.05%),353.0(24.06%),<0.001,Continue
376,实验室检查-肝肾功能,bilirubin_total_min,总胆红素,Lower,72.0(0.8%),64.0(4.36%),<0.001,Continue
377,实验室检查-肝肾功能,bilirubin_total_min,总胆红素,Medium,24.0(0.27%),31.0(2.11%),<0.001,Continue
378,实验室检查-肝肾功能,bilirubin_total_min,总胆红素,Higher,7.0(0.08%),8.0(0.55%),<0.001,Continue
379,实验室检查-肝肾功能,bilirubin_total_min,总胆红素,High,2.0(0.02%),nan(nan%),<0.001,Continue
380,实验室检查-肝肾功能,alp_max,碱性磷酸酶,Low,5327.0(58.96%),1074.0(73.21%),<0.001,Continue
381,实验室检查-肝肾功能,alp_max,碱性磷酸酶,Missing,3584.0(39.67%),345.0(23.52%),<0.001,Continue
382,实验室检查-肝肾功能,alp_max,碱性磷酸酶,Lower,105.0(1.16%),35.0(2.39%),<0.001,Continue
383,实验室检查-肝肾功能,alp_max,碱性磷酸酶,Medium,15.0(0.17%),7.0(0.48%),<0.001,Continue
384,实验室检查-肝肾功能,alp_max,碱性磷酸酶,Higher,1.0(0.01%),5.0(0.34%),<0.001,Continue
385,实验室检查-肝肾功能,alp_max,碱性磷酸酶,High,3.0(0.03%),1.0(0.07%),<0.001,Continue
386,实验室检查-动脉血气分析,aado2_min,肺泡-动脉氧分压差,Missing,8574.0(94.9%),1226.0(83.57%),<0.001,Continue
387,实验室检查-动脉血气分析,aado2_min,肺泡-动脉氧分压差,High,130.0(1.44%),85.0(5.79%),<0.001,Continue
388,实验室检查-动脉血气分析,aado2_min,肺泡-动脉氧分压差,Higher,149.0(1.65%),74.0(5.04%),<0.001,Continue
389,实验室检查-动脉血气分析,aado2_min,肺泡-动脉氧分压差,Medium,94.0(1.04%),56.0(3.82%),<0.001,Continue
390,实验室检查-动脉血气分析,aado2_min,肺泡-动脉氧分压差,Lower,68.0(0.75%),22.0(1.5%),<0.001,Continue
391,实验室检查-动脉血气分析,aado2_min,肺泡-动脉氧分压差,Low,20.0(0.22%),4.0(0.27%),<0.001,Continue
392,实验室检查-肝肾功能,ld_ldh_max,乳酸脱氢酶,Low,3348.0(37.06%),742.0(50.58%),<0.001,Continue
393,实验室检查-肝肾功能,ld_ldh_max,乳酸脱氢酶,Missing,5671.0(62.77%),708.0(48.26%),<0.001,Continue
394,实验室检查-肝肾功能,ld_ldh_max,乳酸脱氢酶,Lower,14.0(0.15%),12.0(0.82%),<0.001,Continue
395,实验室检查-肝肾功能,ld_ldh_max,乳酸脱氢酶,Medium,1.0(0.01%),4.0(0.27%),<0.001,Continue
396,实验室检查-肝肾功能,ld_ldh_max,乳酸脱氢酶,High,nan(nan%),1.0(0.07%),<0.001,Continue
397,实验室检查-肝肾功能,ld_ldh_max,乳酸脱氢酶,Higher,1.0(0.01%),nan(nan%),<0.001,Continue
398,实验室检查-肝肾功能,alt_min,丙氨酸氨基转移酶,Low,5437.0(60.18%),1113.0(75.87%),<0.001,Continue
399,实验室检查-肝肾功能,alt_min,丙氨酸氨基转移酶,Missing,3555.0(39.35%),348.0(23.72%),<0.001,Continue
400,实验室检查-肝肾功能,alt_min,丙氨酸氨基转移酶,Lower,25.0(0.28%),5.0(0.34%),<0.001,Continue
401,实验室检查-肝肾功能,alt_min,丙氨酸氨基转移酶,Medium,12.0(0.13%),1.0(0.07%),<0.001,Continue
402,实验室检查-肝肾功能,alt_min,丙氨酸氨基转移酶,Higher,4.0(0.04%),nan(nan%),<0.001,Continue
403,实验室检查-肝肾功能,alt_min,丙氨酸氨基转移酶,High,2.0(0.02%),nan(nan%),<0.001,Continue
