id,工作部门,薪资范围,公司基本信息,岗位要求,工作福利,是否接受远程办公,公司是否有标志,工作类型,经验要求,学历要求,公司行业类别,公司地点,是否为虚假招聘信息
0,未知,未知,积极,未知,未知,否,否,未知,未知,未知,未知,未知,1
1,销售,未知,积极,积极,未知,否,否,未知,未知,未知,未知,其他,1
2,未知,低于5000,积极,积极,未知,否,否,全职,入门级,高中或同等学历,计算机,美国,1
3,未知,未知,积极,未知,未知,否,否,全职,入门级,不确定,健康,美国,1
4,未知,未知,中立,积极,未知,否,否,全职,不适用,未知,其他,美国,0
5,其他,低于5000,积极,积极,未知,否,否,其他,入门级,高中或同等学历,会计,美国,1
6,未知,未知,积极,积极,未知,否,否,全职,未知,未知,休闲,美国,1
7,未知,未知,中立,未知,未知,否,否,未知,未知,未知,未知,未知,1
8,未知,未知,积极,未知,未知,否,否,未知,未知,未知,未知,美国,1
9,服务,低于5000,积极,积极,积极,是,是,全职,入门级,高中或同等学历,房地产,美国,1
10,未知,未知,积极,消极,积极,否,是,全职,中高级,学士,媒体,美国,0
11,其他,未知,积极,积极,未知,否,否,未知,未知,未知,未知,英国,0
12,未知,未知,积极,未知,未知,是,否,未知,未知,未知,未知,美国,1
13,未知,未知,积极,积极,未知,否,否,未知,未知,未知,未知,英国,1
14,未知,未知,积极,积极,未知,否,否,未知,未知,未知,未知,美国,1
15,未知,未知,积极,积极,未知,否,否,未知,未知,未知,未知,美国,1
16,文员,未知,积极,积极,未知,否,否,未知,未知,未知,未知,美国,1
17,文员,未知,积极,积极,未知,否,否,未知,未知,未知,未知,美国,1
18,未知,未知,积极,积极,积极,否,是,全职,助理,高中或同等学历,服务,美国,1
19,未知,未知,积极,积极,积极,否,是,全职,助理,高中或同等学历,服务,美国,1
20,未知,未知,积极,积极,积极,否,是,全职,未知,高中或同等学历,服务,美国,1
21,未知,未知,积极,积极,积极,否,是,全职,助理,高中或同等学历,服务,美国,1
22,未知,未知,积极,未知,未知,否,否,全职,入门级,未知,会计,美国,1
23,未知,未知,消极,积极,未知,否,否,全职,入门级,高中或同等学历,健康,美国,1
24,未知,未知,积极,积极,未知,否,否,全职,未知,未知,健康,美国,1
25,未知,未知,积极,消极,未知,否,否,合同制,不适用,高中或同等学历,其他,美国,1
26,未知,未知,积极,未知,未知,否,否,未知,未知,未知,未知,美国,0
27,未知,低于5000,积极,积极,未知,否,否,全职,不适用,不确定,其他,英国,1
28,未知,低于5000,消极,消极,未知,否,否,兼职,中高级,硕士,媒体,其他,1
29,未知,低于5000,积极,中立,未知,否,否,全职,入门级,高中或同等学历,电信,美国,1
30,销售,未知,积极,积极,未知,否,否,未知,未知,未知,未知,美国,1
31,销售,未知,积极,未知,未知,否,是,全职,不适用,高中或同等学历,其他,美国,1
32,销售,未知,积极,未知,未知,否,否,未知,未知,未知,未知,美国,1
33,其他,未知,中立,积极,未知,是,否,未知,未知,未知,未知,美国,1
34,未知,未知,积极,积极,未知,否,否,未知,未知,未知,未知,英国,1
35,未知,未知,积极,积极,未知,否,否,未知,未知,未知,未知,英国,1
36,营销,未知,积极,未知,未知,否,否,未知,未知,未知,未知,美国,1
37,未知,未知,积极,积极,未知,否,否,未知,未知,未知,未知,英国,1
38,未知,未知,积极,积极,未知,否,否,未知,未知,未知,未知,美国,1
39,未知,未知,积极,积极,未知,否,否,未知,未知,未知,未知,美国,1
40,未知,未知,积极,积极,未知,否,否,未知,未知,未知,未知,美国,1
41,文员,未知,积极,积极,未知,否,否,未知,未知,未知,未知,美国,1
42,文员,未知,积极,积极,未知,否,否,未知,未知,未知,未知,美国,1
43,文员,未知,积极,积极,未知,否,否,未知,未知,未知,未知,美国,1
44,文员,未知,积极,积极,未知,否,否,未知,未知,未知,未知,美国,1
45,文员,未知,积极,积极,未知,否,否,未知,未知,未知,未知,美国,1
46,其他,未知,积极,积极,未知,是,否,未知,未知,未知,未知,美国,1
47,文员,未知,积极,积极,未知,否,否,未知,未知,未知,未知,美国,1
48,未知,未知,积极,未知,未知,否,否,全职,入门级,学士,石油,美国,1
49,未知,高于50000,积极,积极,未知,否,否,全职,不适用,不确定,营销,美国,1
50,未知,高于50000,积极,积极,未知,否,否,其他,不适用,不确定,其他,美国,1
51,其他,未知,积极,积极,积极,否,是,全职,中高级,未知,互联网,其他,0
52,未知,未知,积极,积极,积极,否,是,全职,未知,高中或同等学历,服务,美国,1
53,未知,未知,积极,积极,积极,否,是,全职,助理,高中或同等学历,服务,美国,1
54,未知,未知,积极,未知,未知,否,否,全职,助理,高中或同等学历,服务,美国,0
55,未知,未知,积极,积极,积极,否,是,全职,助理,高中或同等学历,服务,未知,1
56,未知,未知,积极,积极,积极,否,是,全职,助理,其他,互联网,美国,0
57,文员,低于5000,积极,积极,未知,否,否,全职,不适用,高中或同等学历,其他,英国,1
58,文员,低于5000,积极,积极,未知,否,否,全职,不适用,高中或同等学历,其他,英国,1
59,未知,未知,积极,积极,未知,否,否,全职,未知,未知,石油,美国,1
60,未知,未知,积极,积极,未知,否,否,未知,未知,未知,休闲,美国,1
61,未知,未知,积极,未知,未知,否,否,未知,未知,未知,未知,美国,1
62,未知,未知,积极,未知,未知,否,否,全职,未知,未知,健康,美国,1
63,未知,未知,积极,积极,未知,否,否,全职,未知,未知,健康,美国,1
64,未知,未知,积极,积极,未知,否,否,其他,未知,不确定,营销,美国,1
65,未知,未知,积极,积极,积极,否,是,全职,中高级,学士,服务,美国,0
66,未知,未知,积极,积极,积极,否,是,全职,中高级,学士,服务,美国,0
67,未知,未知,积极,积极,未知,否,否,未知,未知,未知,休闲,美国,1
68,未知,未知,积极,积极,未知,否,否,未知,未知,未知,休闲,美国,1
69,未知,未知,积极,积极,未知,否,否,未知,未知,未知,休闲,美国,1
70,未知,高于50000,积极,积极,未知,否,否,全职,不适用,不确定,营销,美国,1
71,未知,高于50000,积极,积极,未知,否,否,全职,不适用,不确定,营销,美国,1
72,未知,高于50000,积极,积极,未知,否,否,其他,不适用,不确定,营销,美国,1
73,营销,未知,积极,积极,未知,否,是,全职,中高级,学士,其他,美国,0
74,其他,未知,积极,积极,积极,否,是,全职,入门级,高中或同等学历,其他,美国,1
75,未知,未知,积极,积极,积极,否,是,合同制,中高级,学士,其他,美国,0
76,未知,未知,积极,未知,未知,否,否,全职,未知,未知,健康,美国,1
77,未知,未知,积极,未知,未知,否,否,全职,未知,未知,健康,美国,1
78,未知,未知,中立,未知,未知,否,否,全职,未知,未知,健康,美国,1
79,未知,未知,积极,消极,未知,是,否,未知,入门级,一些高中课程,未知,美国,1
80,未知,未知,积极,消极,未知,是,否,未知,入门级,一些高中课程,未知,美国,1
81,未知,未知,积极,消极,未知,是,否,未知,入门级,一些高中课程,未知,美国,1
82,未知,未知,积极,消极,未知,是,否,未知,入门级,一些高中课程,未知,美国,1
83,未知,未知,积极,消极,未知,是,否,未知,入门级,一些高中课程,未知,美国,1
84,未知,未知,积极,消极,未知,是,否,未知,入门级,一些高中课程,未知,美国,1
85,未知,未知,积极,消极,未知,是,否,未知,入门级,一些高中课程,未知,美国,1
86,未知,未知,积极,消极,未知,是,否,未知,入门级,一些高中课程,未知,美国,1
87,未知,低于5000,积极,积极,未知,否,否,全职,不适用,不确定,计算机,美国,1
88,未知,高于50000,消极,中立,积极,否,是,全职,入门级,未知,服务,美国,0
89,未知,未知,中立,积极,未知,否,否,兼职,不适用,不确定,营销,英国,1
90,未知,未知,中立,积极,未知,否,否,兼职,未知,未知,未知,美国,1
91,未知,未知,积极,消极,未知,是,否,未知,入门级,一些高中课程,未知,美国,1
92,未知,未知,积极,消极,未知,是,否,未知,入门级,一些高中课程,未知,美国,1
93,未知,未知,积极,积极,积极,否,是,未知,未知,未知,未知,美国,0
94,未知,未知,积极,积极,积极,否,是,全职,中高级,硕士,互联网,美国,0
95,营销,未知,积极,积极,中立,否,是,全职,未知,未知,其他,美国,0
96,其他,高于50000,积极,积极,积极,否,是,合同制,助理,学士,其他,美国,0
97,未知,未知,消极,积极,未知,否,否,合同制,未知,未知,房地产,美国,1
98,未知,未知,消极,积极,未知,否,否,合同制,未知,未知,房地产,美国,1
99,工程,未知,积极,中立,积极,否,是,全职,中高级,学士,互联网,其他,0
100,未知,未知,积极,未知,未知,否,是,未知,未知,未知,未知,其他,0
101,未知,未知,消极,积极,未知,否,否,兼职,未知,未知,未知,非洲联盟,1
102,未知,未知,中立,积极,未知,否,否,兼职,未知,未知,未知,美国,1
103,其他,未知,积极,积极,积极,否,是,全职,中高级,学士,服务,美国,1
104,未知,未知,积极,积极,积极,是,是,兼职,助理,学士,计算机,未知,0
105,其他,未知,积极,积极,未知,否,否,全职,中高级,学士,其他,希腊,0
106,未知,未知,中立,未知,未知,否,否,兼职,未知,未知,未知,非洲联盟,1
107,未知,未知,积极,积极,积极,否,是,全职,实习,学士,营销,英国,0
108,未知,未知,积极,积极,未知,否,否,全职,不适用,未知,休闲,美国,1
109,未知,未知,积极,积极,未知,否,否,未知,未知,未知,未知,美国,0
110,未知,高于50000,消极,中立,未知,否,否,全职,入门级,不确定,其他,美国,1
111,未知,高于50000,积极,未知,未知,否,否,全职,入门级,高中或同等学历,服务,美国,0
112,未知,未知,积极,积极,未知,否,否,未知,未知,未知,未知,其他,1
113,未知,未知,积极,未知,未知,否,否,未知,未知,未知,未知,未知,1
114,销售,未知,积极,未知,未知,否,是,全职,助理,学士,其他,其他,0
115,其他,未知,积极,积极,积极,否,是,未知,未知,未知,未知,美国,0
116,其他,未知,积极,积极,积极,否,是,未知,未知,未知,未知,美国,0
117,未知,未知,中立,积极,未知,否,否,兼职,未知,未知,未知,非洲联盟,1
118,未知,未知,中立,积极,未知,否,否,兼职,未知,未知,未知,非洲联盟,1
119,未知,低于5000,积极,积极,消极,否,是,合同制,助理,未知,其他,其他,0
120,未知,未知,积极,积极,未知,是,否,全职,不适用,学士,营销,未知,0
121,未知,未知,积极,中立,积极,否,是,未知,入门级,未知,石油,美国,0
122,其他,未知,积极,未知,积极,否,是,未知,未知,未知,未知,美国,0
123,未知,未知,积极,未知,未知,否,否,未知,未知,未知,未知,美国,1
124,未知,未知,积极,中立,积极,否,是,全职,入门级,高中或同等学历,健康,美国,0
125,未知,未知,积极,未知,积极,否,是,未知,未知,未知,未知,未知,0
126,其他,低于5000,积极,积极,积极,否,是,全职,入门级,高中或同等学历,其他,美国,0
127,其他,未知,积极,未知,积极,否,是,未知,未知,未知,未知,美国,0
128,销售,未知,积极,未知,积极,否,是,未知,未知,未知,未知,希腊,0
129,未知,未知,积极,未知,积极,否,是,未知,未知,未知,未知,美国,0
130,未知,未知,积极,积极,未知,否,否,全职,中高级,不确定,服务,美国,0
131,未知,未知,积极,积极,积极,否,是,全职,中高级,学士,计算机,美国,0
132,未知,未知,积极,积极,积极,否,是,全职,助理,学士,营销,其他,0
133,未知,低于5000,积极,积极,积极,否,是,全职,中高级,学士,其他,英国,0
134,未知,未知,积极,积极,积极,是,是,兼职,入门级,高中或同等学历,互联网,美国,0
135,未知,未知,积极,未知,积极,否,是,未知,未知,未知,未知,未知,0
136,未知,未知,积极,积极,消极,否,是,未知,未知,未知,健康,美国,0
137,未知,未知,积极,积极,积极,否,是,全职,不适用,高中或同等学历,其他,英国,0
138,未知,低于5000,积极,积极,中立,是,是,全职,中高级,不确定,其他,美国,0
139,未知,未知,积极,积极,积极,否,是,全职,入门级,学士,互联网,美国,0
140,未知,未知,积极,积极,积极,否,是,合同制,助理,未知,其他,美国,0
141,未知,未知,积极,积极,积极,否,是,全职,中高级,未知,计算机,美国,0
142,未知,未知,积极,积极,积极,否,是,全职,未知,未知,服务,美国,0
143,其他,未知,积极,未知,积极,否,是,未知,未知,未知,未知,新西兰,0
144,销售,未知,积极,积极,积极,否,是,全职,未知,未知,其他,德国,0
145,其他,未知,积极,中立,未知,否,否,未知,未知,未知,未知,美国,0
146,销售,5000-50000,积极,积极,积极,否,是,全职,助理,学士,休闲,美国,0
147,未知,未知,积极,积极,积极,否,是,全职,助理,学士,服务,新西兰,0
148,未知,未知,积极,积极,未知,否,否,全职,入门级,未知,健康,美国,0
149,未知,未知,积极,积极,积极,否,是,全职,入门级,不确定,服务,美国,0
150,未知,未知,积极,积极,积极,否,是,全职,中高级,学士,其他,美国,0
151,未知,未知,积极,积极,未知,否,否,全职,中高级,学士,服务,美国,0
152,其他,未知,积极,未知,消极,否,是,全职,助理,学士,服务,美国,0
153,其他,未知,积极,积极,积极,否,是,未知,未知,未知,未知,美国,0
154,其他,未知,积极,积极,积极,否,是,全职,助理,学士,营销,英国,0
155,服务,未知,积极,未知,未知,否,否,全职,不适用,高中或同等学历,电信,美国,1
156,未知,未知,积极,积极,积极,否,是,全职,未知,未知,服务,德国,0
157,未知,未知,积极,未知,未知,否,否,未知,未知,未知,未知,美国,0
158,未知,未知,积极,积极,积极,否,是,全职,中高级,学士,其他,美国,0
159,营销,未知,积极,积极,积极,否,是,全职,中高级,未知,其他,德国,0
160,未知,未知,积极,积极,积极,否,是,未知,未知,未知,未知,美国,0
161,未知,未知,积极,未知,积极,否,否,全职,未知,未知,未知,美国,0
162,未知,未知,积极,未知,积极,否,是,未知,未知,未知,未知,美国,0
163,未知,未知,积极,积极,积极,否,是,全职,未知,未知,计算机,美国,0
164,未知,未知,积极,积极,积极,否,是,全职,入门级,高中或同等学历,服务,美国,0
165,未知,未知,消极,积极,积极,否,是,兼职,未知,未知,未知,英国,0
166,工程,未知,积极,积极,积极,否,是,全职,中高级,学士,计算机,英国,0
167,未知,低于5000,积极,积极,未知,否,是,全职,入门级,学士,未知,英国,0
168,未知,未知,积极,中立,未知,否,是,全职,助理,学士,其他,美国,0
169,未知,未知,积极,积极,未知,否,否,全职,助理,学士,计算机,美国,0
170,未知,低于5000,积极,积极,未知,否,否,全职,中高级,未知,服务,其他,0
171,其他,未知,积极,积极,积极,否,是,全职,中高级,学士,计算机,其他,0
172,销售,未知,消极,积极,积极,否,是,未知,未知,未知,未知,希腊,0
173,未知,未知,积极,未知,积极,否,是,合同制,中高级,不确定,服务,美国,0
174,未知,未知,积极,积极,消极,否,是,全职,助理,未知,服务,美国,0
175,未知,未知,积极,积极,积极,否,是,全职,助理,未知,服务,美国,0
176,未知,未知,积极,积极,积极,否,是,全职,助理,其他,健康,美国,0
177,未知,低于5000,积极,中立,积极,否,是,全职,助理,学士,服务,美国,0
178,未知,未知,积极,未知,积极,否,是,未知,未知,未知,未知,未知,0
179,其他,未知,积极,积极,积极,否,是,未知,未知,未知,未知,希腊,0
180,未知,未知,积极,积极,积极,否,是,兼职,入门级,高中或同等学历,服务,美国,0
181,未知,未知,积极,未知,中立,否,否,未知,未知,未知,未知,英国,0
182,未知,未知,积极,积极,积极,否,是,全职,不适用,不确定,健康,英国,0
183,营销,未知,积极,积极,中立,否,是,全职,实习,未知,其他,德国,0
184,其他,5000-50000,积极,积极,积极,否,是,全职,助理,学士,计算机,德国,0
185,未知,低于5000,积极,中立,积极,否,是,全职,入门级,高中或同等学历,电信,美国,0
186,销售,未知,积极,积极,积极,否,是,全职,中高级,学士,营销,美国,0
187,工程,未知,积极,积极,未知,否,否,全职,助理,学士,互联网,英国,0
188,未知,未知,积极,积极,积极,否,是,全职,中高级,不确定,房地产,美国,0
189,营销,低于5000,积极,积极,积极,否,是,全职,入门级,不确定,计算机,德国,0
190,未知,高于50000,积极,积极,未知,否,是,全职,中高级,学士,休闲,英国,0
191,服务,未知,积极,未知,积极,否,是,未知,未知,未知,未知,美国,0
192,未知,高于50000,积极,中立,未知,否,否,全职,不适用,不确定,其他,美国,0
193,未知,未知,积极,未知,积极,否,是,全职,中高级,未知,服务,美国,0
194,未知,未知,积极,积极,未知,否,否,未知,未知,未知,未知,英国,0
195,未知,5000-50000,积极,未知,积极,否,是,全职,入门级,未知,服务,美国,0
196,未知,低于5000,积极,中立,积极,否,否,全职,中高级,其他,其他,英国,0
197,未知,未知,积极,积极,未知,否,是,合同制,未知,未知,未知,美国,0
198,未知,未知,积极,积极,未知,否,否,全职,中高级,学士,其他,英国,0
199,未知,未知,积极,积极,积极,否,是,未知,未知,未知,未知,美国,0
200,未知,未知,积极,积极,积极,否,否,未知,未知,未知,未知,希腊,0
201,未知,未知,积极,积极,积极,否,是,未知,不适用,高中或同等学历,其他,英国,0
202,工程,未知,积极,积极,中立,是,是,全职,中高级,学士,互联网,美国,0
203,其他,未知,消极,积极,未知,否,是,未知,未知,未知,未知,希腊,0
204,其他,未知,积极,积极,积极,否,是,全职,助理,高中或同等学历,其他,美国,0
205,未知,未知,积极,积极,积极,否,是,兼职,入门级,高中或同等学历,服务,美国,0
206,未知,未知,积极,积极,中立,否,是,未知,未知,未知,未知,未知,0
207,未知,未知,积极,积极,积极,否,是,未知,不适用,高中或同等学历,未知,英国,0
208,未知,低于5000,积极,积极,积极,否,是,全职,入门级,不确定,计算机,英国,0
209,未知,未知,积极,积极,积极,否,是,全职,入门级,不确定,计算机,其他,0
210,未知,未知,积极,积极,积极,否,是,未知,未知,未知,未知,希腊,0
211,其他,未知,积极,积极,未知,否,否,未知,未知,未知,未知,其他,0
212,未知,未知,积极,未知,积极,否,否,合同制,未知,未知,未知,美国,0
213,未知,未知,中立,积极,积极,否,是,兼职,未知,未知,未知,未知,0
214,未知,未知,积极,积极,积极,否,是,全职,中高级,学士,计算机,希腊,0
215,其他,未知,中立,积极,中立,否,是,全职,入门级,未知,服务,美国,0
216,未知,未知,消极,积极,积极,否,是,未知,未知,未知,未知,美国,0
217,未知,未知,积极,未知,未知,是,否,合同制,未知,未知,互联网,英国,0
218,工程,高于50000,积极,积极,积极,否,是,全职,中高级,学士,其他,美国,0
219,未知,低于5000,积极,积极,未知,否,否,合同制,助理,学士,计算机,美国,0
220,其他,未知,积极,积极,中立,否,是,全职,入门级,未知,其他,美国,0
221,未知,未知,积极,未知,积极,否,是,全职,入门级,未知,计算机,其他,0
222,未知,未知,积极,积极,积极,否,是,未知,未知,未知,未知,希腊,0
223,销售,未知,积极,积极,中立,否,否,未知,未知,未知,未知,美国,0
224,其他,未知,中立,积极,积极,否,是,全职,主管,硕士,计算机,英国,0
225,未知,未知,积极,积极,消极,否,是,全职,不适用,未知,服务,美国,0
226,未知,高于50000,积极,积极,未知,否,否,全职,助理,学士,房地产,美国,0
227,其他,未知,中立,积极,积极,否,否,全职,中高级,未知,服务,美国,0
228,未知,未知,积极,积极,未知,否,否,全职,入门级,未知,营销,美国,0
229,其他,低于5000,积极,积极,积极,否,是,全职,实习,学士,其他,希腊,0
230,未知,未知,积极,积极,未知,否,否,全职,助理,不确定,服务,美国,0
231,未知,未知,消极,积极,积极,否,是,合同制,未知,学士,其他,美国,0
232,其他,未知,积极,中立,积极,否,是,全职,中高级,不确定,互联网,英国,0
233,未知,未知,积极,积极,未知,否,否,全职,助理,学士,健康,美国,0
234,未知,未知,积极,积极,积极,否,是,全职,助理,学士,计算机,新西兰,0
235,未知,未知,积极,消极,积极,否,是,全职,实习,高中或同等学历,未知,英国,0
236,未知,低于5000,积极,积极,积极,是,是,全职,中高级,其他,互联网,美国,0
237,未知,未知,积极,未知,积极,否,是,未知,未知,未知,未知,希腊,0
238,未知,未知,积极,积极,积极,否,是,全职,入门级,高中或同等学历,其他,美国,0
239,未知,未知,积极,积极,积极,否,是,未知,未知,未知,未知,未知,0
240,未知,未知,积极,积极,积极,否,是,未知,未知,未知,健康,英国,0
241,未知,未知,积极,积极,积极,否,是,全职,未知,未知,互联网,美国,0
242,工程,未知,积极,积极,积极,否,是,全职,助理,学士,其他,德国,0
243,未知,低于5000,积极,积极,积极,是,是,全职,入门级,高中或同等学历,电信,美国,0
244,销售,未知,积极,积极,积极,否,是,全职,未知,未知,其他,英国,0
245,未知,未知,积极,积极,积极,是,是,兼职,中高级,学士,互联网,英国,0
246,未知,未知,积极,中立,积极,是,是,合同制,中高级,学士,服务,美国,0
247,未知,低于5000,积极,积极,积极,是,是,全职,入门级,高中或同等学历,电信,美国,0
248,未知,未知,积极,积极,积极,否,是,全职,未知,学士,其他,美国,0
249,未知,未知,积极,积极,未知,否,否,未知,未知,未知,未知,英国,0
250,未知,未知,积极,积极,未知,否,是,未知,未知,未知,未知,美国,0
251,其他,未知,积极,积极,中立,否,是,未知,未知,未知,未知,英国,0
252,其他,高于50000,积极,积极,积极,否,否,全职,主管,硕士,健康,美国,0
253,其他,未知,积极,未知,积极,否,是,全职,中高级,未知,计算机,英国,0
254,未知,未知,积极,积极,积极,否,是,全职,未知,未知,石油,美国,0
255,未知,未知,积极,未知,未知,否,否,未知,未知,未知,未知,美国,0
256,其他,未知,积极,未知,中立,否,是,未知,未知,未知,未知,希腊,0
257,销售,未知,积极,中立,积极,否,是,全职,中高级,学士,计算机,美国,0
258,其他,未知,积极,未知,积极,否,是,全职,不适用,不确定,健康,英国,0
259,未知,未知,积极,积极,积极,否,是,全职,不适用,高中或同等学历,其他,英国,0
260,其他,低于5000,中立,积极,中立,否,是,全职,未知,未知,其他,美国,0
261,未知,未知,积极,积极,积极,否,是,未知,不适用,高中或同等学历,未知,英国,0
262,销售,未知,积极,积极,未知,否,否,全职,中高级,学士,其他,希腊,0
263,未知,低于5000,积极,积极,未知,否,否,全职,不适用,不确定,其他,英国,0
264,未知,未知,积极,未知,积极,否,否,全职,未知,未知,未知,美国,0
265,其他,未知,积极,积极,积极,否,是,全职,未知,未知,其他,美国,0
266,其他,未知,积极,积极,积极,否,是,全职,入门级,不确定,服务,其他,0
267,营销,未知,积极,积极,中立,否,是,全职,实习,未知,计算机,英国,0
268,其他,未知,积极,积极,积极,否,是,全职,中高级,学士,计算机,美国,0
269,未知,低于5000,中立,积极,积极,否,是,全职,未知,学士,服务,英国,0
270,未知,高于50000,积极,积极,积极,否,是,全职,未知,未知,其他,美国,0
271,未知,高于50000,积极,积极,未知,否,是,全职,中高级,学士,计算机,美国,0
272,未知,未知,积极,积极,积极,否,是,全职,入门级,未知,其他,美国,0
273,未知,未知,积极,积极,积极,否,是,全职,未知,未知,互联网,英国,0
274,未知,未知,积极,积极,积极,否,是,全职,助理,高中或同等学历,营销,其他,0
275,未知,未知,积极,积极,积极,否,是,全职,入门级,高中或同等学历,健康,美国,0
276,未知,高于50000,积极,未知,积极,否,是,全职,助理,未知,其他,非洲联盟,0
277,未知,未知,积极,未知,未知,否,否,未知,未知,未知,未知,美国,0
278,销售,未知,积极,积极,积极,否,是,全职,助理,不确定,服务,美国,0
279,销售,未知,积极,积极,积极,否,是,全职,不适用,不确定,服务,英国,0
280,其他,未知,积极,积极,未知,否,否,全职,不适用,学士,营销,希腊,0
281,未知,未知,积极,未知,积极,否,是,未知,未知,未知,其他,英国,0
282,其他,高于50000,积极,积极,积极,否,是,全职,不适用,学士,服务,新西兰,0
283,未知,未知,积极,积极,未知,是,否,兼职,中高级,未知,互联网,美国,0
284,其他,高于50000,积极,未知,未知,否,否,全职,中高级,学士,其他,美国,0
285,工程,未知,积极,积极,积极,否,是,全职,中高级,未知,计算机,美国,0
286,其他,未知,积极,未知,积极,否,是,全职,入门级,不确定,其他,美国,0
287,未知,未知,积极,积极,积极,否,是,未知,未知,未知,未知,美国,0
288,其他,未知,积极,积极,积极,否,是,全职,未知,未知,服务,美国,0
289,未知,未知,积极,积极,积极,否,是,全职,未知,未知,营销,美国,0
290,未知,未知,积极,中立,积极,否,否,全职,未知,未知,未知,其他,0
291,未知,未知,中立,积极,积极,否,是,全职,不适用,学士,其他,美国,0
292,其他,未知,中立,积极,消极,否,是,未知,未知,未知,未知,其他,0
293,未知,未知,积极,积极,积极,是,是,全职,中高级,未知,其他,美国,0
294,未知,未知,积极,积极,积极,否,是,全职,入门级,学士,其他,美国,0
295,其他,未知,积极,积极,未知,否,否,未知,未知,未知,未知,其他,0
296,其他,未知,积极,积极,积极,否,是,全职,中高级,未知,服务,英国,0
297,未知,未知,积极,积极,积极,否,是,全职,助理,其他,健康,英国,0
298,未知,未知,积极,积极,积极,否,是,全职,入门级,不确定,服务,美国,0
299,未知,未知,积极,未知,积极,否,是,全职,中高级,学士,未知,美国,0
300,其他,未知,积极,积极,积极,否,是,全职,助理,学士,会计,希腊,0
301,其他,未知,积极,积极,积极,否,是,全职,入门级,未知,计算机,英国,0
302,服务,未知,中立,中立,积极,否,是,全职,助理,学士,服务,美国,0
303,其他,未知,积极,未知,积极,否,是,全职,未知,学士,其他,其他,0
304,未知,未知,积极,积极,积极,否,是,全职,未知,未知,未知,美国,0
305,营销,高于50000,积极,积极,积极,否,是,全职,入门级,学士,互联网,美国,0
306,其他,未知,积极,积极,积极,否,是,全职,助理,学士,互联网,美国,0
307,其他,未知,积极,积极,积极,否,是,全职,未知,未知,其他,美国,0
308,未知,未知,积极,积极,积极,是,是,合同制,中高级,学士,互联网,美国,0
309,其他,未知,积极,积极,未知,否,否,未知,未知,未知,未知,其他,0
310,销售,高于50000,积极,积极,积极,否,是,全职,不适用,高中或同等学历,其他,美国,0
311,销售,未知,积极,积极,积极,否,是,全职,中高级,高中或同等学历,营销,美国,0
312,其他,未知,积极,积极,积极,否,是,未知,未知,未知,媒体,希腊,0
313,其他,未知,积极,中立,积极,否,是,全职,助理,未知,营销,其他,0
314,未知,未知,中立,积极,积极,否,是,全职,未知,不确定,计算机,美国,0
315,未知,未知,积极,未知,积极,否,是,临时,实习,未知,其他,美国,0
316,其他,未知,积极,未知,积极,否,是,未知,未知,未知,未知,美国,0
317,未知,未知,积极,积极,积极,否,是,全职,入门级,学士,媒体,德国,0
318,其他,未知,消极,积极,积极,否,是,全职,中高级,学士,服务,希腊,0
319,未知,未知,中立,积极,积极,否,是,合同制,未知,学士,其他,美国,0
320,未知,未知,积极,积极,未知,否,否,未知,未知,未知,未知,美国,1
321,未知,未知,积极,积极,未知,否,否,临时,不适用,不确定,其他,英国,0
322,未知,低于5000,积极,积极,积极,否,是,全职,中高级,不确定,媒体,英国,0
323,未知,低于5000,积极,积极,未知,否,是,全职,中高级,不确定,服务,其他,0
324,未知,未知,中立,积极,积极,否,是,兼职,助理,其他,健康,美国,0
325,未知,未知,积极,中立,积极,否,是,全职,中高级,未知,其他,其他,0
326,未知,未知,积极,积极,未知,否,否,兼职,未知,未知,未知,非洲联盟,1
327,未知,未知,积极,积极,积极,否,是,全职,中高级,学士,互联网,其他,0
328,其他,未知,积极,积极,积极,否,是,兼职,入门级,未知,其他,美国,0
329,未知,未知,积极,积极,积极,否,是,全职,执行级,未知,健康,美国,0
330,营销,未知,积极,中立,未知,否,是,全职,不适用,不确定,服务,德国,0
331,未知,未知,积极,积极,未知,否,是,全职,助理,不确定,营销,美国,0
332,未知,未知,积极,未知,积极,否,否,全职,未知,未知,未知,美国,0
333,其他,未知,积极,未知,中立,否,是,全职,助理,高中或同等学历,健康,美国,0
334,未知,未知,中立,积极,中立,否,是,全职,中高级,未知,健康,其他,0
335,未知,未知,积极,中立,积极,否,是,未知,未知,未知,未知,美国,0
336,未知,未知,积极,未知,未知,否,否,未知,未知,未知,未知,英国,0
337,未知,未知,积极,积极,积极,否,否,未知,未知,未知,未知,其他,0
338,其他,未知,积极,积极,积极,否,是,全职,主管,未知,互联网,英国,0
339,销售,高于50000,积极,积极,积极,否,是,全职,未知,学士,营销,美国,0
340,营销,未知,积极,积极,积极,否,是,兼职,实习,其他,计算机,美国,0
341,工程,未知,积极,积极,积极,否,是,全职,中高级,学士,服务,希腊,0
342,未知,低于5000,积极,积极,未知,否,否,合同制,不适用,未知,其他,美国,0
343,未知,未知,积极,消极,积极,否,是,未知,不适用,高中或同等学历,未知,英国,0
344,未知,未知,积极,积极,未知,否,否,全职,不适用,未知,其他,美国,0
345,其他,5000-50000,积极,积极,中立,否,是,全职,助理,学士,互联网,美国,0
346,未知,未知,积极,积极,积极,否,是,全职,未知,未知,未知,美国,0
347,未知,未知,积极,积极,积极,否,是,全职,助理,未知,服务,美国,0
348,未知,未知,积极,积极,积极,否,是,全职,未知,未知,未知,美国,0
349,未知,未知,积极,积极,积极,否,是,全职,中高级,硕士,计算机,英国,0
350,服务,未知,积极,积极,积极,否,是,未知,未知,未知,未知,美国,0
351,服务,高于50000,积极,积极,积极,否,是,全职,不适用,学士,服务,新西兰,0
352,未知,未知,积极,未知,积极,否,是,未知,未知,未知,未知,英国,0
353,未知,未知,积极,未知,积极,否,是,兼职,未知,未知,健康,美国,0
354,未知,低于5000,积极,积极,积极,否,是,全职,入门级,学士,计算机,其他,0
355,未知,未知,积极,积极,积极,否,是,兼职,不适用,不确定,其他,英国,0
356,营销,未知,积极,积极,积极,否,是,其他,入门级,学士,营销,美国,0
357,未知,未知,积极,积极,积极,否,是,全职,执行级,学士,其他,美国,0
358,其他,未知,积极,积极,未知,否,是,全职,未知,未知,其他,美国,0
359,其他,未知,积极,积极,积极,否,是,其他,入门级,不确定,其他,德国,0
360,其他,未知,积极,积极,未知,否,否,全职,不适用,未知,服务,英国,0
361,未知,未知,积极,积极,积极,否,是,全职,不适用,高中或同等学历,其他,英国,0
362,未知,未知,积极,积极,积极,否,是,全职,中高级,未知,计算机,美国,0
363,未知,低于5000,积极,积极,积极,否,是,全职,助理,其他,其他,美国,0
364,营销,未知,积极,积极,积极,否,是,全职,入门级,学士,未知,德国,0
365,未知,低于5000,积极,积极,未知,否,否,全职,不适用,不确定,未知,美国,1
366,其他,未知,积极,积极,积极,否,是,全职,未知,未知,未知,英国,0
367,未知,未知,积极,积极,积极,否,是,全职,主管,未知,营销,美国,0
368,未知,未知,积极,积极,积极,否,是,全职,助理,其他,健康,美国,0
369,未知,低于5000,积极,积极,积极,否,是,兼职,实习,其他,其他,新西兰,0
370,其他,低于5000,积极,积极,积极,否,是,全职,中高级,学士,互联网,英国,0
371,未知,未知,积极,积极,积极,否,是,全职,助理,高中或同等学历,其他,美国,0
372,未知,未知,积极,积极,中立,否,是,未知,未知,未知,未知,希腊,0
373,未知,未知,积极,积极,未知,否,是,全职,入门级,未知,其他,其他,0
374,营销,未知,积极,积极,积极,否,是,全职,中高级,学士,其他,其他,0
375,未知,未知,积极,积极,积极,否,是,全职,中高级,学士,服务,新西兰,0
376,其他,未知,积极,积极,积极,否,是,未知,未知,未知,未知,希腊,0
377,未知,未知,积极,积极,积极,否,是,未知,未知,未知,未知,美国,0
378,未知,未知,积极,未知,积极,否,是,全职,中高级,学士,健康,美国,0
379,其他,未知,积极,积极,积极,否,是,全职,中高级,学士,其他,美国,0
380,工程,未知,积极,积极,积极,否,是,全职,助理,不确定,营销,英国,0
381,其他,未知,中立,中立,积极,否,是,全职,中高级,硕士,服务,美国,0
382,工程,未知,积极,积极,积极,否,是,全职,入门级,学士,服务,英国,0
383,未知,低于5000,积极,积极,积极,否,是,全职,中高级,学士,服务,美国,0
384,其他,未知,积极,中立,积极,否,是,未知,未知,未知,未知,希腊,0
385,未知,未知,积极,积极,积极,否,是,合同制,未知,未知,未知,美国,0
386,未知,低于5000,积极,中立,积极,否,是,全职,助理,学士,服务,美国,0
387,未知,未知,中立,积极,积极,否,是,全职,入门级,学士,营销,美国,0
388,未知,未知,积极,积极,积极,否,是,兼职,助理,高中或同等学历,计算机,美国,0
389,未知,未知,积极,积极,积极,否,是,全职,中高级,高中或同等学历,房地产,美国,0
390,未知,未知,积极,积极,积极,否,是,全职,中高级,学士,服务,美国,0
391,其他,未知,积极,积极,积极,否,是,全职,助理,未知,未知,英国,0
392,未知,未知,积极,积极,积极,否,是,未知,未知,未知,未知,美国,0
393,未知,未知,积极,积极,积极,否,是,全职,未知,其他,未知,美国,0
394,销售,未知,积极,积极,积极,否,是,全职,助理,学士,电信,其他,0
395,服务,未知,积极,积极,积极,否,是,全职,未知,未知,其他,美国,0
396,未知,未知,积极,积极,积极,否,是,全职,中高级,学士,石油,美国,0
397,未知,未知,积极,未知,中立,否,是,未知,未知,未知,未知,德国,0
398,未知,未知,积极,积极,积极,否,是,全职,中高级,学士,服务,美国,0
399,未知,未知,中立,积极,消极,否,是,全职,助理,学士,媒体,美国,0
400,未知,低于5000,积极,未知,中立,否,是,兼职,未知,不确定,营销,美国,0
401,工程,未知,积极,未知,未知,否,是,全职,未知,未知,未知,英国,0
402,未知,未知,消极,消极,积极,否,是,合同制,未知,未知,服务,美国,0
403,其他,未知,积极,积极,未知,否,是,全职,不适用,不确定,其他,希腊,0
404,未知,未知,积极,积极,积极,否,是,未知,未知,未知,未知,美国,0
405,其他,未知,积极,积极,积极,否,是,未知,未知,未知,未知,希腊,0
406,销售,未知,积极,积极,未知,否,是,未知,未知,未知,未知,美国,0
407,其他,未知,积极,积极,积极,否,是,全职,不适用,不确定,媒体,非洲联盟,0
408,未知,未知,积极,积极,未知,否,否,合同制,中高级,未知,服务,美国,0
409,销售,低于5000,积极,积极,未知,否,否,全职,助理,高中或同等学历,计算机,美国,0
410,其他,未知,积极,积极,积极,是,是,未知,未知,未知,未知,美国,0
411,其他,未知,积极,积极,积极,否,是,全职,入门级,未知,服务,德国,0
412,其他,未知,积极,积极,中立,否,是,全职,中高级,未知,互联网,英国,0
413,未知,未知,积极,未知,积极,否,是,未知,未知,未知,未知,英国,0
414,未知,未知,积极,未知,积极,否,否,全职,未知,未知,未知,美国,0
415,未知,未知,积极,中立,积极,否,是,合同制,中高级,学士,服务,美国,0
416,未知,未知,积极,积极,积极,否,是,未知,不适用,高中或同等学历,其他,英国,0
417,其他,未知,积极,积极,积极,否,是,全职,中高级,不确定,营销,希腊,0
418,其他,未知,积极,未知,积极,否,是,未知,主管,未知,未知,美国,0
419,其他,未知,积极,积极,积极,否,是,全职,未知,未知,未知,美国,0
420,未知,未知,积极,积极,中立,否,是,全职,未知,未知,服务,英国,0
421,其他,未知,中立,积极,积极,否,是,全职,助理,学士,服务,美国,0
422,未知,未知,积极,未知,积极,否,是,全职,入门级,未知,其他,美国,0
423,其他,未知,中立,未知,积极,否,是,未知,未知,未知,休闲,未知,0
424,其他,低于5000,积极,积极,积极,否,是,全职,助理,未知,其他,英国,0
425,未知,低于5000,积极,未知,未知,否,否,全职,入门级,学士,计算机,美国,0
426,工程,未知,积极,积极,中立,否,是,全职,中高级,学士,计算机,美国,0
427,其他,未知,积极,积极,积极,否,是,未知,未知,未知,未知,英国,0
428,未知,未知,中立,积极,积极,否,是,全职,助理,未知,其他,美国,0
429,其他,未知,积极,积极,中立,否,是,全职,中高级,学士,服务,美国,0
430,未知,未知,积极,未知,积极,否,是,未知,未知,未知,未知,其他,0
431,其他,未知,积极,积极,积极,否,是,全职,助理,未知,未知,其他,0
432,未知,未知,积极,积极,积极,否,是,全职,助理,硕士,电信,其他,0
433,其他,未知,积极,积极,中立,否,是,全职,助理,学士,其他,英国,0
434,未知,未知,积极,未知,未知,否,否,全职,中高级,未知,服务,美国,0
435,其他,未知,积极,积极,积极,否,是,全职,助理,不确定,其他,英国,0
436,未知,未知,积极,积极,积极,否,是,全职,中高级,不确定,服务,美国,0
437,未知,未知,积极,积极,积极,否,是,全职,中高级,未知,营销,美国,0
438,其他,未知,积极,积极,积极,否,是,全职,中高级,学士,计算机,美国,0
439,未知,未知,积极,积极,积极,否,是,全职,中高级,未知,服务,其他,0
440,未知,未知,中立,未知,积极,否,是,全职,助理,未知,其他,美国,0
441,工程,未知,积极,积极,积极,否,是,全职,助理,学士,互联网,美国,0
442,其他,未知,积极,积极,积极,否,是,全职,中高级,未知,计算机,美国,0
443,其他,未知,积极,积极,积极,否,是,全职,助理,未知,服务,美国,0
444,其他,未知,积极,积极,积极,否,是,全职,中高级,学士,计算机,美国,0
445,未知,高于50000,积极,积极,积极,否,是,全职,不适用,未知,互联网,美国,0
446,其他,未知,积极,积极,积极,否,是,未知,未知,未知,未知,美国,0
447,未知,未知,积极,积极,未知,否,否,全职,未知,未知,房地产,美国,0
448,未知,未知,积极,中立,消极,否,是,全职,未知,未知,服务,美国,0
449,未知,未知,积极,积极,积极,否,是,合同制,未知,未知,服务,美国,0
450,其他,未知,积极,积极,未知,否,否,全职,未知,未知,其他,美国,0
451,其他,未知,积极,积极,积极,否,是,合同制,中高级,不确定,计算机,美国,0
452,其他,未知,积极,积极,积极,否,是,全职,助理,学士,其他,希腊,0
453,文员,未知,积极,积极,未知,否,否,未知,未知,未知,未知,美国,1
454,未知,未知,积极,积极,积极,否,是,全职,中高级,学士,计算机,美国,0
455,未知,未知,积极,积极,积极,否,是,全职,主管,学士,服务,美国,0
456,未知,未知,积极,积极,未知,否,否,全职,未知,未知,健康,美国,1
457,未知,未知,积极,积极,未知,否,否,未知,未知,未知,未知,美国,1
458,未知,未知,积极,积极,未知,否,否,未知,未知,未知,未知,其他,1
459,未知,未知,积极,积极,未知,否,否,未知,未知,未知,未知,英国,0
460,未知,高于50000,积极,积极,积极,否,是,兼职,助理,学士,休闲,希腊,0
461,其他,未知,积极,积极,积极,否,是,全职,不适用,不确定,休闲,英国,0
462,未知,未知,中立,未知,未知,否,否,兼职,未知,未知,未知,非洲联盟,1
463,未知,未知,中立,未知,未知,否,否,兼职,未知,未知,未知,美国,1
464,未知,未知,中立,未知,未知,否,否,全职,未知,未知,健康,美国,1
465,未知,未知,积极,积极,未知,否,否,未知,未知,未知,未知,美国,1
466,其他,未知,中立,积极,未知,否,否,未知,未知,未知,未知,其他,1
467,文员,未知,积极,积极,未知,否,否,未知,未知,未知,未知,美国,1
468,未知,未知,积极,未知,未知,否,否,全职,入门级,未知,会计,美国,1
469,未知,未知,积极,未知,未知,否,否,未知,未知,未知,未知,美国,1
470,文员,低于5000,积极,积极,未知,否,否,全职,不适用,高中或同等学历,其他,美国,1
471,文员,未知,积极,积极,未知,否,否,未知,未知,未知,未知,美国,1
472,未知,未知,积极,未知,未知,否,否,全职,入门级,高中或同等学历,会计,美国,1
473,未知,未知,积极,积极,未知,否,否,未知,未知,未知,未知,非洲联盟,1
474,未知,未知,积极,未知,未知,否,否,未知,未知,未知,未知,美国,1
475,未知,未知,积极,消极,未知,是,否,未知,入门级,一些高中课程,未知,美国,1
476,未知,未知,积极,积极,未知,否,否,未知,未知,未知,未知,美国,1
477,未知,未知,中立,积极,未知,否,否,全职,入门级,其他,其他,美国,1
478,未知,未知,积极,未知,未知,否,否,全职,入门级,不确定,其他,美国,1
479,未知,未知,积极,未知,未知,否,否,全职,入门级,未知,会计,美国,1
480,其他,低于5000,积极,积极,未知,否,否,其他,入门级,高中或同等学历,会计,美国,1
481,未知,未知,积极,积极,未知,否,否,未知,未知,未知,休闲,美国,1
482,未知,未知,中立,未知,未知,否,否,全职,不适用,未知,其他,其他,1
483,销售,未知,中立,未知,未知,否,否,未知,未知,未知,未知,美国,1
484,未知,未知,积极,未知,未知,否,否,全职,未知,未知,健康,美国,1
485,未知,未知,积极,积极,未知,否,否,未知,未知,未知,未知,英国,1
486,未知,未知,积极,积极,未知,否,否,兼职,不适用,不确定,营销,非洲联盟,1
487,文员,未知,积极,积极,未知,否,否,未知,未知,未知,未知,美国,1
488,销售,高于50000,积极,积极,未知,否,否,全职,中高级,不确定,会计,美国,1
489,未知,未知,积极,未知,未知,否,否,未知,未知,未知,未知,美国,1
490,未知,未知,积极,未知,未知,是,否,全职,入门级,不确定,会计,美国,1
491,未知,未知,中立,未知,未知,否,否,全职,未知,未知,健康,美国,1
492,未知,未知,积极,积极,未知,否,否,全职,入门级,未知,其他,美国,1
493,未知,低于5000,中立,积极,未知,是,否,全职,入门级,高中或同等学历,其他,美国,1
494,未知,未知,积极,消极,未知,是,否,未知,入门级,一些高中课程,未知,美国,1
495,服务,未知,积极,未知,消极,否,是,合同制,不适用,不确定,电信,美国,1
496,其他,未知,积极,积极,未知,否,否,全职,中高级,其他,其他,美国,1
497,未知,未知,积极,消极,未知,是,否,未知,入门级,一些高中课程,未知,美国,1
498,未知,未知,中立,未知,未知,否,否,全职,未知,未知,健康,美国,1
499,未知,未知,积极,未知,未知,否,否,兼职,未知,未知,未知,非洲联盟,1
500,未知,未知,积极,积极,未知,否,否,全职,入门级,未知,休闲,美国,1
501,未知,未知,消极,积极,未知,否,否,兼职,未知,未知,未知,美国,1
502,其他,未知,积极,积极,积极,是,是,未知,未知,未知,未知,美国,1
503,未知,未知,积极,未知,未知,否,否,全职,未知,未知,健康,美国,1
504,服务,未知,中立,未知,未知,否,否,全职,不适用,不确定,服务,美国,1
505,未知,未知,积极,未知,未知,否,否,未知,未知,未知,未知,美国,1
506,未知,未知,积极,积极,未知,否,是,未知,未知,未知,未知,美国,1
507,未知,未知,中立,积极,积极,否,是,未知,未知,未知,未知,美国,1
508,未知,未知,积极,未知,未知,否,否,未知,未知,未知,未知,美国,1
509,未知,未知,积极,中立,未知,否,否,兼职,不适用,不确定,其他,美国,1
510,未知,未知,积极,未知,未知,否,否,未知,未知,未知,未知,美国,1
511,服务,未知,积极,未知,未知,否,否,全职,未知,未知,未知,美国,1
512,文员,低于5000,积极,积极,未知,否,否,全职,不适用,高中或同等学历,其他,美国,1
513,未知,未知,中立,未知,未知,否,否,兼职,未知,未知,未知,非洲联盟,1
514,未知,未知,积极,积极,未知,否,否,兼职,未知,未知,其他,非洲联盟,1
515,其他,未知,中立,积极,未知,否,否,全职,不适用,高中或同等学历,健康,美国,1
516,未知,未知,积极,未知,未知,否,否,全职,未知,未知,健康,美国,1
517,服务,未知,消极,积极,未知,否,否,未知,未知,未知,未知,美国,1
518,其他,未知,中立,中立,未知,否,否,未知,未知,未知,未知,美国,1
519,未知,未知,积极,积极,未知,否,否,未知,未知,未知,未知,美国,1
520,文员,低于5000,积极,积极,未知,否,否,全职,不适用,高中或同等学历,其他,美国,1
521,未知,高于50000,积极,积极,未知,否,否,全职,入门级,高中或同等学历,服务,美国,1
522,未知,未知,积极,积极,未知,否,否,未知,未知,未知,未知,美国,1
523,文员,未知,积极,积极,未知,否,否,未知,未知,未知,未知,美国,1
524,未知,未知,积极,未知,未知,否,否,未知,未知,未知,未知,美国,1
525,未知,未知,积极,积极,未知,否,否,全职,未知,未知,服务,美国,1
526,未知,未知,积极,未知,未知,否,否,未知,未知,未知,未知,美国,1
527,未知,未知,积极,积极,未知,否,否,全职,未知,未知,未知,美国,1
528,销售,未知,积极,中立,积极,否,否,未知,未知,未知,未知,美国,1
529,未知,未知,积极,积极,未知,否,否,全职,入门级,未知,其他,美国,1
530,未知,未知,积极,积极,未知,否,否,未知,未知,未知,未知,非洲联盟,1
531,未知,未知,积极,积极,未知,否,否,全职,未知,高中或同等学历,其他,美国,1
532,未知,高于50000,积极,积极,未知,否,否,其他,不适用,不确定,营销,美国,1
533,销售,未知,积极,积极,积极,否,是,未知,未知,未知,未知,美国,1
534,未知,未知,积极,积极,未知,否,否,全职,未知,未知,石油,美国,1
535,其他,低于5000,积极,积极,未知,否,否,全职,入门级,学士,电信,美国,1
536,未知,低于5000,积极,积极,未知,否,否,兼职,未知,未知,会计,非洲联盟,1
537,未知,未知,积极,未知,未知,否,否,全职,未知,未知,健康,美国,1
538,未知,未知,积极,积极,积极,否,是,全职,助理,高中或同等学历,服务,美国,1
539,未知,未知,中立,积极,未知,否,否,未知,未知,未知,未知,其他,1
540,未知,未知,积极,未知,未知,否,否,全职,入门级,未知,健康,美国,1
541,未知,未知,积极,未知,未知,否,否,全职,未知,未知,营销,美国,1
542,未知,未知,积极,积极,未知,否,否,全职,入门级,高中或同等学历,会计,美国,1
543,未知,低于5000,积极,中立,未知,否,否,全职,中高级,学士,电信,美国,1
544,未知,未知,积极,积极,积极,否,是,全职,助理,高中或同等学历,服务,美国,1
545,其他,低于5000,中立,消极,未知,否,否,全职,入门级,高中或同等学历,其他,其他,1
546,其他,未知,积极,消极,未知,是,否,未知,未知,未知,未知,美国,1
547,未知,未知,积极,积极,未知,否,否,全职,未知,未知,未知,美国,1
548,未知,未知,消极,积极,未知,否,否,合同制,未知,未知,房地产,美国,1
549,其他,低于5000,积极,积极,未知,否,否,全职,助理,其他,服务,美国,1
550,未知,低于5000,积极,未知,未知,否,否,全职,主管,学士,服务,美国,1
551,未知,未知,积极,未知,未知,否,否,全职,未知,未知,服务,美国,1
552,未知,未知,积极,积极,未知,否,否,未知,未知,未知,休闲,美国,1
553,其他,未知,积极,积极,未知,否,否,未知,未知,未知,未知,美国,1
554,未知,未知,消极,积极,未知,否,否,合同制,未知,未知,房地产,美国,1
555,未知,低于5000,积极,积极,未知,否,否,全职,不适用,不确定,服务,英国,1
556,销售,未知,积极,积极,积极,否,是,未知,未知,未知,未知,美国,1
557,未知,未知,中立,未知,未知,否,否,兼职,未知,未知,未知,非洲联盟,1
558,其他,低于5000,积极,积极,积极,否,是,全职,助理,高中或同等学历,服务,美国,1
559,未知,未知,中立,积极,未知,否,否,兼职,未知,未知,未知,美国,1
560,未知,未知,积极,积极,未知,否,否,全职,未知,未知,休闲,美国,1
561,未知,未知,积极,消极,未知,是,否,未知,入门级,一些高中课程,未知,美国,1
562,未知,未知,积极,积极,未知,否,否,全职,未知,未知,未知,美国,1
563,其他,未知,中立,积极,未知,否,否,未知,未知,未知,未知,其他,1
564,其他,未知,积极,积极,积极,是,是,兼职,未知,高中或同等学历,电信,美国,1
565,未知,未知,积极,未知,未知,否,否,未知,未知,未知,未知,未知,1
566,未知,低于5000,中立,积极,未知,否,否,兼职,不适用,不确定,营销,美国,1
567,未知,未知,积极,未知,未知,否,否,全职,入门级,未知,健康,美国,1
568,未知,未知,积极,积极,未知,否,否,全职,未知,未知,健康,美国,1
569,未知,低于5000,消极,中立,未知,否,否,合同制,实习,未知,服务,美国,1
570,未知,未知,积极,未知,未知,否,否,未知,未知,未知,未知,美国,1
571,文员,5000-50000,积极,积极,未知,否,否,全职,不适用,高中或同等学历,其他,美国,1
572,未知,未知,积极,积极,未知,否,否,全职,未知,未知,健康,美国,1
573,其他,未知,中立,积极,积极,否,是,全职,中高级,其他,其他,美国,1
574,未知,未知,积极,积极,未知,否,否,全职,不适用,不确定,会计,美国,1
575,未知,未知,积极,积极,未知,否,否,全职,未知,未知,未知,美国,1
576,未知,未知,积极,积极,积极,否,是,全职,助理,高中或同等学历,服务,美国,1
577,未知,未知,积极,未知,未知,否,否,未知,未知,未知,未知,美国,1
578,未知,未知,积极,未知,未知,否,否,未知,未知,未知,未知,美国,1
579,未知,低于5000,积极,消极,未知,否,否,全职,入门级,高中或同等学历,电信,美国,1
580,其他,低于5000,积极,中立,未知,否,否,兼职,入门级,不确定,服务,美国,1
581,未知,高于50000,积极,积极,未知,否,否,全职,助理,其他,其他,英国,1
582,销售,低于5000,积极,中立,积极,是,是,全职,入门级,高中或同等学历,房地产,美国,1
583,未知,未知,积极,未知,未知,否,否,未知,未知,未知,未知,美国,1
584,文员,未知,积极,积极,未知,否,否,未知,未知,未知,未知,美国,1
585,其他,低于5000,积极,积极,积极,否,是,全职,入门级,高中或同等学历,服务,美国,1
586,其他,未知,中立,积极,未知,否,否,未知,未知,未知,未知,其他,1
587,未知,未知,积极,积极,积极,否,是,全职,助理,高中或同等学历,服务,美国,1
588,未知,未知,积极,积极,积极,否,是,全职,助理,高中或同等学历,服务,美国,1
589,未知,低于5000,积极,中立,未知,否,否,全职,入门级,其他,石油,英国,1
590,文员,未知,积极,积极,未知,否,否,未知,未知,未知,未知,美国,1
591,未知,高于50000,积极,积极,未知,否,否,全职,不适用,不确定,营销,美国,1
592,未知,未知,积极,积极,未知,否,否,未知,未知,未知,未知,美国,1
593,未知,低于5000,积极,积极,未知,否,否,兼职,未知,未知,会计,非洲联盟,1
594,未知,低于5000,积极,积极,积极,否,是,全职,入门级,高中或同等学历,服务,美国,1
595,未知,未知,积极,积极,未知,否,否,未知,未知,未知,休闲,美国,1
596,未知,未知,中立,消极,未知,否,否,未知,未知,未知,未知,美国,1
597,其他,高于50000,积极,积极,未知,否,否,全职,中高级,硕士,其他,美国,1
598,其他,未知,积极,积极,未知,否,是,未知,未知,未知,未知,美国,1
599,未知,未知,积极,未知,未知,否,否,未知,未知,未知,未知,美国,1
600,未知,低于5000,积极,积极,未知,否,否,兼职,未知,未知,会计,美国,1
601,其他,低于5000,积极,积极,未知,否,否,全职,入门级,未知,会计,美国,1
602,未知,未知,积极,积极,积极,否,否,合同制,入门级,不确定,其他,美国,1
603,未知,未知,积极,积极,未知,否,否,未知,未知,未知,未知,英国,1
604,未知,未知,积极,积极,未知,否,否,全职,不适用,高中或同等学历,其他,美国,1
605,其他,低于5000,积极,积极,未知,否,否,全职,入门级,不确定,会计,美国,1
606,其他,低于5000,中立,积极,未知,否,否,全职,入门级,不确定,会计,美国,1
607,未知,未知,积极,积极,未知,否,否,未知,未知,未知,未知,美国,1
608,未知,未知,积极,积极,未知,否,否,全职,未知,未知,未知,美国,1
609,未知,未知,积极,积极,未知,否,否,未知,未知,未知,休闲,美国,1
610,未知,未知,积极,未知,未知,否,否,全职,入门级,未知,健康,美国,1
611,未知,未知,积极,积极,积极,否,是,全职,助理,高中或同等学历,服务,美国,1
612,未知,未知,积极,积极,未知,否,否,未知,未知,未知,未知,美国,1
613,未知,未知,积极,积极,未知,否,否,全职,未知,未知,未知,美国,1
614,未知,未知,积极,积极,未知,否,否,全职,未知,未知,休闲,美国,1
615,未知,未知,积极,积极,未知,否,否,全职,不适用,未知,未知,美国,1
616,未知,高于50000,积极,积极,未知,否,否,其他,未知,不确定,营销,美国,1
617,未知,未知,积极,未知,未知,否,否,全职,未知,未知,健康,美国,1
618,未知,未知,积极,消极,未知,是,否,未知,入门级,一些高中课程,未知,美国,1
619,未知,未知,积极,积极,未知,是,否,未知,未知,未知,未知,美国,1
620,未知,未知,积极,未知,未知,否,否,未知,未知,未知,未知,美国,1
621,销售,高于50000,积极,积极,未知,否,否,合同制,助理,高中或同等学历,营销,美国,1
622,未知,未知,积极,未知,未知,否,否,未知,未知,未知,未知,美国,1
623,未知,未知,积极,积极,未知,否,否,全职,助理,高中或同等学历,服务,美国,1
624,未知,未知,消极,积极,未知,否,否,合同制,未知,未知,房地产,美国,1
625,其他,低于5000,积极,积极,未知,否,否,其他,入门级,高中或同等学历,会计,美国,1
626,其他,低于5000,积极,积极,未知,否,否,全职,未知,不确定,会计,美国,1
627,未知,低于5000,积极,积极,未知,否,否,全职,入门级,高中或同等学历,其他,美国,1
628,未知,未知,积极,积极,未知,是,否,未知,未知,未知,未知,美国,1
629,未知,未知,积极,消极,未知,否,否,全职,入门级,高中或同等学历,会计,美国,1
630,其他,低于5000,中立,消极,未知,是,否,全职,执行级,硕士,服务,美国,1
631,其他,未知,积极,积极,未知,否,是,其他,实习,高中或同等学历,其他,美国,1
632,销售,未知,积极,未知,未知,否,是,全职,不适用,高中或同等学历,其他,美国,1
633,未知,未知,中立,积极,未知,否,否,兼职,未知,未知,未知,非洲联盟,1
634,未知,未知,积极,未知,未知,否,否,全职,未知,未知,健康,美国,1
635,未知,低于5000,积极,积极,未知,否,否,全职,入门级,高中或同等学历,服务,美国,1
636,服务,低于5000,积极,积极,积极,是,是,全职,入门级,高中或同等学历,房地产,美国,1
637,未知,未知,积极,未知,未知,否,否,全职,未知,未知,会计,美国,1
638,服务,未知,积极,未知,消极,否,是,未知,未知,未知,未知,美国,1
639,未知,未知,积极,积极,未知,否,否,全职,不适用,高中或同等学历,服务,美国,1
640,未知,未知,积极,积极,积极,否,是,全职,未知,高中或同等学历,服务,美国,1
641,未知,未知,积极,积极,未知,否,是,其他,实习,高中或同等学历,其他,美国,1
642,文员,未知,积极,积极,未知,否,否,未知,未知,未知,未知,美国,1
643,未知,低于5000,积极,积极,未知,否,否,兼职,未知,高中或同等学历,会计,非洲联盟,1
644,未知,未知,积极,积极,未知,否,否,兼职,不适用,高中或同等学历,营销,美国,1
645,其他,低于5000,积极,积极,未知,否,否,兼职,入门级,高中或同等学历,房地产,美国,1
646,其他,未知,积极,积极,未知,否,是,未知,未知,未知,未知,美国,1
647,未知,未知,积极,未知,未知,否,否,全职,入门级,不确定,健康,美国,1
648,未知,未知,积极,积极,未知,否,否,全职,未知,未知,休闲,美国,1
649,其他,未知,积极,积极,未知,是,否,未知,未知,未知,未知,美国,1
650,未知,高于50000,积极,积极,未知,否,否,全职,不适用,不确定,营销,美国,1
651,未知,高于50000,积极,积极,积极,否,否,全职,入门级,高中或同等学历,其他,美国,1
652,未知,未知,积极,未知,未知,否,否,未知,未知,未知,未知,未知,1
653,未知,未知,积极,积极,未知,否,否,全职,入门级,未知,会计,美国,1
654,文员,未知,积极,未知,未知,否,否,临时,入门级,不确定,电信,美国,1
655,服务,低于5000,积极,积极,积极,是,是,全职,入门级,高中或同等学历,房地产,美国,1
656,未知,未知,积极,积极,未知,否,否,未知,未知,未知,未知,美国,1
657,未知,未知,积极,积极,未知,否,否,全职,未知,未知,健康,美国,1
658,未知,未知,积极,积极,未知,否,否,未知,未知,未知,休闲,美国,1
659,其他,低于5000,积极,积极,未知,否,否,全职,入门级,未知,电信,美国,1
660,其他,未知,积极,积极,积极,否,是,全职,入门级,高中或同等学历,会计,美国,1
661,未知,未知,积极,未知,未知,否,否,未知,未知,未知,未知,美国,1
662,未知,未知,中立,积极,未知,否,否,兼职,不适用,未知,未知,美国,1
663,未知,高于50000,积极,积极,积极,否,是,全职,入门级,高中或同等学历,未知,美国,1
664,未知,未知,积极,积极,未知,否,否,其他,不适用,不确定,营销,非洲联盟,1
665,未知,低于5000,积极,未知,未知,否,否,全职,入门级,其他,会计,美国,1
666,未知,未知,积极,未知,未知,否,否,全职,未知,未知,健康,美国,1
667,未知,低于5000,积极,积极,未知,否,否,全职,不适用,不确定,计算机,美国,1
668,未知,未知,积极,积极,积极,否,是,全职,入门级,不确定,媒体,美国,1
669,未知,未知,中立,积极,未知,否,否,兼职,未知,未知,未知,美国,1
670,未知,未知,积极,未知,未知,否,否,全职,未知,未知,健康,美国,1
671,其他,未知,中立,积极,未知,否,否,未知,未知,未知,未知,其他,1
672,未知,未知,积极,积极,未知,否,否,全职,中高级,学士,其他,其他,1
673,未知,低于5000,积极,积极,未知,否,否,兼职,入门级,其他,会计,美国,1
674,未知,未知,消极,积极,未知,否,否,兼职,未知,未知,未知,非洲联盟,1
675,其他,低于5000,积极,积极,未知,否,否,全职,入门级,未知,会计,美国,1
676,未知,高于50000,积极,积极,未知,否,否,全职,不适用,高中或同等学历,服务,美国,1
677,未知,未知,积极,未知,未知,否,否,未知,未知,未知,未知,美国,1
678,未知,未知,积极,未知,未知,否,否,未知,未知,未知,未知,美国,1
679,未知,未知,中立,积极,未知,否,否,兼职,未知,未知,未知,非洲联盟,1
680,未知,未知,中立,积极,积极,否,是,未知,未知,未知,未知,未知,1
681,其他,未知,积极,积极,积极,否,是,全职,中高级,学士,石油,美国,1
682,未知,未知,积极,积极,未知,否,否,全职,助理,未知,会计,美国,1
683,文员,未知,积极,积极,未知,否,否,未知,未知,未知,未知,美国,1
684,未知,低于5000,积极,积极,未知,否,否,全职,助理,学士,石油,美国,1
685,未知,未知,积极,积极,积极,否,是,全职,助理,高中或同等学历,服务,美国,1
686,其他,未知,中立,积极,未知,否,否,未知,未知,未知,未知,英国,1
687,未知,高于50000,积极,积极,未知,否,否,合同制,执行级,未知,其他,其他,1
688,未知,未知,积极,未知,未知,否,否,全职,未知,未知,健康,美国,1
689,未知,低于5000,积极,积极,未知,是,否,合同制,入门级,高中或同等学历,服务,非洲联盟,1
690,未知,未知,积极,积极,未知,否,否,全职,入门级,未知,其他,美国,1
691,未知,未知,积极,未知,未知,否,否,未知,未知,未知,未知,美国,1
692,销售,未知,积极,积极,未知,否,否,兼职,未知,高中或同等学历,其他,美国,1
693,未知,未知,积极,积极,未知,否,否,全职,入门级,未知,其他,英国,1
694,未知,未知,积极,积极,未知,否,否,全职,入门级,未知,其他,美国,1
695,未知,低于5000,中立,积极,未知,否,是,全职,入门级,高中或同等学历,服务,美国,1
696,未知,低于5000,积极,积极,未知,否,否,全职,不适用,不确定,健康,美国,1
697,未知,未知,积极,未知,未知,是,否,全职,入门级,不确定,电信,未知,1
698,未知,未知,积极,积极,积极,否,是,全职,助理,高中或同等学历,服务,美国,1
699,未知,低于5000,积极,未知,未知,否,否,全职,中高级,未知,服务,美国,1
700,服务,低于5000,积极,积极,积极,是,是,全职,入门级,高中或同等学历,房地产,美国,1
701,未知,未知,积极,中立,未知,否,否,全职,入门级,未知,其他,美国,1
702,未知,未知,中立,积极,未知,否,否,兼职,未知,未知,未知,美国,1
703,未知,低于5000,积极,积极,未知,否,否,全职,不适用,不确定,计算机,美国,1
704,未知,未知,中立,未知,未知,否,否,兼职,入门级,未知,媒体,美国,1
705,未知,未知,积极,未知,未知,否,否,未知,未知,未知,未知,非洲联盟,1
706,未知,未知,积极,未知,未知,否,否,全职,入门级,不确定,健康,美国,1
707,未知,低于5000,中立,积极,未知,否,否,兼职,未知,未知,其他,美国,1
708,未知,未知,中立,积极,未知,否,否,未知,未知,未知,未知,未知,1
709,未知,未知,积极,未知,未知,否,否,未知,未知,未知,未知,未知,1
710,未知,低于5000,积极,积极,未知,否,否,其他,不适用,不确定,其他,英国,1
711,未知,未知,积极,中立,未知,否,否,未知,入门级,未知,未知,美国,1
712,未知,未知,积极,未知,未知,否,否,兼职,未知,未知,未知,美国,1
713,未知,未知,中立,积极,未知,否,否,未知,未知,未知,未知,其他,1
714,未知,未知,中立,中立,未知,否,否,全职,未知,未知,其他,美国,1
715,未知,未知,积极,积极,积极,否,是,未知,未知,未知,未知,美国,1
716,未知,未知,积极,未知,未知,否,否,未知,未知,未知,未知,美国,1
717,未知,未知,积极,消极,积极,否,是,全职,中高级,学士,媒体,美国,0
718,未知,未知,积极,积极,未知,否,否,兼职,未知,未知,未知,非洲联盟,1
719,其他,低于5000,积极,未知,未知,否,否,兼职,不适用,不确定,会计,美国,1
720,未知,未知,积极,积极,未知,否,否,未知,未知,未知,未知,美国,1
721,未知,未知,积极,积极,未知,否,否,未知,未知,未知,未知,美国,1
722,未知,未知,积极,积极,未知,是,否,未知,未知,未知,未知,美国,1
723,未知,未知,积极,积极,积极,否,是,全职,未知,高中或同等学历,服务,美国,1
724,未知,未知,积极,中立,未知,否,否,全职,中高级,学士,健康,未知,0
725,未知,未知,积极,未知,未知,否,否,未知,未知,未知,未知,美国,1
726,其他,低于5000,积极,积极,未知,否,否,全职,入门级,学士,电信,美国,1
727,其他,未知,积极,未知,未知,否,否,未知,未知,未知,未知,英国,1
728,未知,未知,积极,积极,未知,否,否,未知,未知,未知,未知,美国,1
729,未知,未知,积极,积极,未知,否,否,全职,不适用,不确定,未知,美国,1
730,未知,低于5000,积极,积极,未知,否,否,全职,实习,高中或同等学历,会计,美国,1
731,未知,低于5000,积极,消极,未知,否,否,全职,入门级,高中或同等学历,电信,美国,1
732,未知,未知,积极,未知,未知,否,否,未知,未知,未知,未知,美国,1
733,未知,未知,积极,积极,未知,否,否,未知,未知,未知,休闲,美国,1
734,未知,未知,积极,积极,未知,否,否,未知,未知,未知,休闲,美国,1
735,未知,未知,积极,积极,未知,否,否,未知,未知,未知,休闲,美国,1
736,未知,未知,积极,积极,未知,否,否,未知,未知,未知,休闲,美国,1
737,未知,未知,积极,积极,未知,否,否,全职,入门级,未知,其他,美国,1
738,未知,未知,积极,积极,未知,否,否,兼职,入门级,硕士,服务,美国,1
739,未知,未知,积极,未知,未知,否,否,全职,未知,未知,健康,美国,1
740,未知,未知,积极,消极,未知,是,否,未知,入门级,一些高中课程,未知,美国,1
741,未知,未知,积极,消极,未知,是,否,未知,入门级,一些高中课程,未知,美国,1
742,未知,未知,中立,未知,未知,否,否,全职,未知,未知,健康,美国,1
743,未知,未知,积极,积极,未知,否,否,全职,入门级,高中或同等学历,其他,美国,0
744,未知,未知,积极,消极,未知,是,否,未知,入门级,一些高中课程,未知,美国,1
745,未知,未知,积极,未知,未知,否,否,未知,未知,未知,未知,未知,1
746,其他,低于5000,积极,积极,未知,是,是,全职,未知,学士,石油,美国,0
747,未知,低于5000,积极,积极,积极,否,是,全职,助理,高中或同等学历,营销,美国,0
748,未知,未知,中立,积极,未知,否,否,兼职,未知,未知,未知,非洲联盟,1
749,未知,未知,积极,消极,积极,否,是,全职,实习,高中或同等学历,其他,英国,0
750,未知,高于50000,积极,积极,积极,否,是,全职,助理,不确定,服务,非洲联盟,0
751,未知,未知,积极,积极,积极,否,是,其他,中高级,学士,其他,希腊,0
752,服务,未知,积极,积极,积极,否,否,未知,未知,未知,未知,美国,0
753,未知,未知,积极,未知,积极,否,是,未知,未知,未知,未知,未知,0
754,其他,未知,积极,积极,积极,否,是,未知,未知,未知,未知,非洲联盟,0
755,未知,未知,消极,积极,积极,否,是,全职,未知,未知,服务,其他,0
756,其他,未知,积极,积极,积极,否,是,全职,助理,高中或同等学历,其他,英国,0
757,其他,未知,中立,积极,积极,否,是,全职,实习,学士,其他,英国,0
758,未知,未知,消极,积极,未知,否,否,兼职,实习,高中或同等学历,营销,美国,1
759,未知,高于50000,积极,积极,积极,否,是,全职,未知,学士,未知,其他,0
760,销售,未知,积极,未知,积极,否,是,未知,未知,未知,未知,其他,0
761,未知,未知,积极,消极,积极,否,是,未知,不适用,高中或同等学历,未知,英国,0
762,未知,未知,积极,未知,未知,否,否,临时,未知,未知,其他,美国,0
763,未知,未知,积极,积极,积极,否,是,全职,不适用,高中或同等学历,营销,英国,0
764,未知,未知,积极,积极,积极,否,是,全职,不适用,未知,电信,美国,0
765,其他,未知,积极,未知,积极,否,是,未知,未知,未知,未知,美国,0
766,未知,低于5000,中立,积极,积极,否,是,全职,入门级,高中或同等学历,健康,美国,0
767,未知,未知,积极,积极,积极,否,是,全职,助理,学士,计算机,其他,0
768,未知,未知,中立,积极,消极,否,是,全职,未知,学士,计算机,美国,0
769,未知,未知,积极,积极,积极,否,是,全职,不适用,高中或同等学历,未知,英国,0
770,未知,未知,积极,积极,积极,否,是,全职,未知,未知,服务,英国,0
771,未知,未知,积极,积极,积极,否,是,未知,未知,未知,未知,希腊,0
772,其他,未知,积极,积极,积极,否,是,其他,实习,未知,其他,英国,0
773,未知,未知,积极,未知,积极,否,是,临时,未知,未知,服务,其他,0
774,未知,未知,积极,未知,积极,否,否,全职,未知,未知,未知,美国,0
775,其他,未知,积极,积极,积极,否,是,未知,未知,未知,未知,英国,0
776,其他,未知,中立,未知,积极,否,是,未知,未知,未知,未知,英国,0
777,未知,未知,积极,积极,积极,否,是,兼职,入门级,高中或同等学历,服务,美国,0
778,其他,高于50000,积极,积极,未知,否,否,全职,中高级,学士,其他,美国,0
779,未知,低于5000,积极,积极,积极,否,是,全职,未知,未知,其他,美国,0
780,未知,未知,积极,积极,积极,否,是,全职,中高级,未知,房地产,美国,0
781,未知,未知,积极,积极,未知,否,否,全职,执行级,硕士,健康,美国,0
782,未知,高于50000,积极,未知,未知,否,否,全职,入门级,高中或同等学历,服务,美国,0
783,其他,未知,积极,积极,积极,否,是,全职,中高级,学士,服务,英国,0
784,未知,未知,积极,积极,积极,否,是,全职,助理,学士,互联网,其他,0
785,其他,未知,积极,积极,积极,否,是,全职,中高级,未知,其他,新西兰,0
786,未知,未知,积极,积极,积极,否,是,全职,不适用,高中或同等学历,未知,英国,0
787,未知,未知,积极,中立,积极,否,是,全职,未知,其他,健康,美国,0
788,未知,未知,积极,积极,积极,否,是,全职,未知,未知,未知,美国,0
789,未知,未知,中立,积极,积极,否,是,兼职,实习,不确定,互联网,美国,0
790,未知,高于50000,消极,积极,未知,否,否,全职,助理,其他,其他,美国,0
791,未知,高于50000,积极,积极,积极,否,是,全职,助理,学士,其他,美国,0
792,销售,低于5000,积极,积极,积极,否,是,全职,不适用,未知,其他,美国,0
793,未知,未知,消极,积极,未知,否,否,兼职,未知,未知,未知,非洲联盟,1
794,其他,未知,积极,积极,积极,否,是,全职,实习,学士,互联网,英国,0
795,未知,未知,积极,积极,积极,否,是,未知,未知,未知,未知,其他,0
796,其他,未知,积极,积极,积极,否,是,兼职,不适用,高中或同等学历,其他,美国,0
797,其他,未知,积极,积极,积极,否,是,全职,主管,未知,互联网,英国,0
798,未知,未知,积极,积极,积极,否,是,全职,入门级,不确定,其他,美国,0
799,未知,低于5000,积极,积极,未知,否,是,全职,中高级,学士,服务,其他,0
800,未知,未知,积极,积极,中立,否,是,未知,未知,未知,未知,美国,0
801,未知,未知,积极,积极,积极,否,是,全职,中高级,学士,其他,美国,0
802,未知,未知,积极,积极,积极,否,是,全职,不适用,学士,其他,美国,0
803,未知,未知,积极,中立,未知,否,否,全职,中高级,学士,计算机,美国,0
804,未知,低于5000,积极,积极,积极,否,是,全职,入门级,其他,计算机,美国,0
805,未知,未知,积极,积极,积极,否,是,未知,未知,未知,未知,美国,0
806,未知,高于50000,消极,积极,积极,否,否,全职,中高级,学士,服务,新西兰,0
807,其他,高于50000,积极,积极,积极,否,是,全职,中高级,学士,电信,美国,0
808,未知,未知,积极,积极,积极,否,是,全职,未知,未知,石油,美国,0
809,未知,未知,积极,积极,中立,否,是,临时,中高级,未知,未知,新西兰,0
810,未知,未知,积极,积极,未知,否,否,兼职,未知,未知,未知,非洲联盟,1
811,未知,未知,积极,积极,未知,否,否,全职,助理,不确定,服务,美国,0
812,工程,未知,积极,积极,积极,否,是,全职,中高级,未知,未知,美国,0
813,其他,未知,积极,积极,中立,否,是,合同制,入门级,不确定,其他,其他,0
814,未知,未知,积极,积极,积极,否,是,未知,未知,学士,其他,美国,0
815,未知,低于5000,积极,积极,积极,否,是,全职,中高级,未知,媒体,英国,0
816,其他,未知,积极,积极,积极,否,是,全职,不适用,不确定,服务,希腊,0
817,其他,未知,消极,积极,积极,否,是,全职,中高级,学士,石油,美国,0
818,未知,未知,积极,积极,积极,否,是,全职,中高级,学士,计算机,其他,0
819,未知,未知,积极,未知,未知,否,否,全职,入门级,未知,会计,美国,1
820,未知,未知,积极,积极,积极,否,是,全职,中高级,学士,计算机,其他,0
821,未知,未知,积极,未知,积极,否,是,兼职,未知,未知,未知,美国,0
822,其他,未知,积极,未知,积极,否,是,临时,实习,未知,其他,美国,0
823,其他,未知,积极,积极,积极,否,是,全职,中高级,未知,其他,美国,0
824,未知,低于5000,积极,积极,中立,否,否,全职,中高级,学士,其他,英国,0
825,未知,未知,积极,积极,积极,否,是,全职,助理,未知,石油,美国,0
826,其他,未知,积极,积极,积极,否,是,全职,中高级,不确定,计算机,美国,0
827,未知,未知,中立,积极,积极,否,是,全职,助理,学士,健康,美国,0
828,其他,未知,中立,积极,积极,否,是,未知,未知,未知,未知,希腊,0
829,未知,未知,积极,积极,中立,否,是,全职,中高级,学士,其他,美国,0
830,未知,未知,积极,中立,积极,否,是,全职,助理,不确定,营销,美国,0
831,其他,低于5000,积极,积极,积极,否,是,合同制,中高级,学士,其他,新西兰,0
832,其他,未知,中立,积极,积极,否,是,全职,未知,学士,计算机,其他,0
833,未知,未知,积极,积极,未知,否,是,未知,未知,未知,未知,英国,0
834,未知,未知,积极,积极,积极,否,是,全职,中高级,硕士,未知,其他,0
835,销售,未知,积极,积极,积极,否,是,全职,入门级,学士,计算机,美国,0
836,未知,未知,积极,积极,积极,是,是,全职,助理,学士,服务,美国,0
837,未知,未知,积极,中立,积极,否,是,合同制,中高级,未知,未知,美国,0
838,销售,未知,积极,积极,积极,否,是,未知,未知,未知,未知,美国,1
839,未知,未知,积极,积极,未知,否,否,全职,入门级,未知,其他,美国,1
840,未知,未知,积极,积极,未知,否,否,全职,未知,未知,健康,美国,1
841,其他,未知,积极,积极,未知,否,否,未知,未知,未知,未知,美国,1
842,其他,低于5000,积极,积极,积极,否,否,全职,入门级,高中或同等学历,健康,美国,1
843,未知,未知,积极,积极,未知,否,否,未知,未知,未知,未知,英国,1
844,其他,未知,积极,积极,未知,否,否,全职,入门级,硕士,计算机,其他,1
845,文员,未知,积极,积极,未知,否,否,未知,未知,未知,未知,美国,1
846,未知,未知,中立,积极,未知,否,否,兼职,未知,未知,未知,非洲联盟,1
847,未知,低于5000,积极,消极,未知,否,否,全职,不适用,不确定,其他,美国,1
848,未知,未知,积极,积极,未知,否,否,全职,不适用,不确定,会计,美国,1
849,未知,低于5000,中立,积极,未知,否,是,全职,入门级,高中或同等学历,服务,美国,1
850,未知,未知,消极,积极,未知,否,否,兼职,未知,未知,未知,非洲联盟,1
851,未知,未知,积极,积极,积极,否,是,全职,助理,高中或同等学历,服务,美国,1
852,其他,未知,中立,积极,未知,否,否,全职,助理,高中或同等学历,服务,美国,1
853,未知,未知,中立,积极,未知,否,否,兼职,未知,未知,未知,非洲联盟,1
854,未知,未知,中立,消极,未知,否,否,全职,未知,学士,未知,美国,1
855,未知,未知,中立,积极,未知,否,否,兼职,未知,未知,未知,非洲联盟,1
856,未知,未知,中立,积极,未知,否,否,兼职,未知,未知,服务,非洲联盟,1
857,文员,低于5000,积极,积极,未知,否,否,全职,入门级,高中或同等学历,会计,美国,1
858,未知,未知,中立,积极,未知,否,否,兼职,未知,未知,未知,非洲联盟,1
859,营销,未知,中立,积极,未知,否,否,全职,不适用,未知,营销,美国,1
860,其他,低于5000,积极,积极,未知,否,否,全职,入门级,学士,电信,美国,1
861,其他,未知,积极,积极,未知,否,是,未知,未知,未知,未知,美国,1
862,未知,低于5000,消极,积极,未知,否,是,全职,入门级,高中或同等学历,服务,美国,1
863,文员,未知,中立,中立,未知,是,否,其他,入门级,高中或同等学历,计算机,美国,1
864,未知,未知,积极,中立,未知,否,否,合同制,中高级,未知,服务,美国,1
865,未知,未知,消极,未知,未知,否,否,兼职,未知,未知,未知,美国,1
866,未知,未知,积极,消极,未知,是,否,未知,入门级,一些高中课程,未知,美国,1
867,工程,未知,积极,积极,积极,否,是,全职,主管,硕士,其他,美国,1
868,未知,未知,中立,积极,未知,否,否,兼职,未知,未知,未知,美国,1
869,未知,低于5000,积极,积极,未知,是,否,兼职,入门级,其他,会计,美国,1
870,未知,未知,积极,积极,未知,否,否,未知,未知,未知,未知,美国,1
871,未知,未知,积极,未知,未知,否,否,未知,未知,未知,未知,美国,1
872,未知,未知,积极,积极,未知,否,否,全职,未知,未知,休闲,美国,1
873,未知,未知,积极,积极,未知,否,否,未知,未知,未知,未知,英国,1
874,未知,低于5000,积极,积极,未知,否,否,全职,不适用,不确定,服务,英国,1
875,服务,未知,积极,未知,积极,否,是,未知,未知,未知,未知,美国,1
876,未知,低于5000,积极,积极,未知,否,否,兼职,不适用,未知,服务,非洲联盟,1
877,服务,未知,积极,未知,消极,否,是,合同制,未知,未知,未知,美国,1
878,未知,未知,积极,未知,未知,否,否,全职,未知,未知,健康,美国,1
879,未知,未知,积极,消极,未知,否,否,其他,未知,未知,未知,美国,1
880,未知,高于50000,积极,积极,未知,否,否,全职,不适用,不确定,营销,美国,1
881,其他,未知,积极,积极,未知,否,否,全职,入门级,未知,会计,美国,1
882,未知,低于5000,积极,积极,未知,否,否,全职,不适用,不确定,其他,美国,1
883,未知,高于50000,积极,积极,积极,否,否,全职,入门级,高中或同等学历,其他,美国,1
884,未知,未知,积极,未知,未知,否,否,未知,未知,未知,未知,美国,1
885,其他,未知,积极,积极,积极,否,否,全职,入门级,高中或同等学历,服务,美国,1
886,未知,未知,积极,未知,未知,否,否,未知,未知,未知,未知,未知,1
887,文员,未知,积极,积极,未知,否,否,未知,未知,未知,未知,美国,1
888,未知,未知,积极,积极,未知,否,否,全职,入门级,高中或同等学历,会计,美国,1
889,未知,未知,消极,积极,未知,否,否,兼职,入门级,高中或同等学历,营销,美国,1
890,未知,未知,积极,未知,未知,否,否,未知,未知,未知,未知,美国,1
891,其他,未知,消极,积极,积极,是,是,未知,未知,未知,未知,美国,1
892,其他,未知,积极,积极,未知,否,否,全职,入门级,高中或同等学历,健康,美国,1
893,销售,未知,积极,积极,未知,否,否,未知,未知,未知,未知,非洲联盟,1
